{"stats":{"minecraft:killed":{"minecraft:sheep":6},"minecraft:custom":{"minecraft:time_since_rest":1576,"minecraft:damage_taken":20,"minecraft:crouch_one_cm":36,"minecraft:play_time":6907,"minecraft:sprint_one_cm":41337,"minecraft:walk_one_cm":10477,"minecraft:sneak_time":37,"minecraft:walk_under_water_one_cm":200,"minecraft:mob_kills":6,"minecraft:jump":177,"minecraft:damage_dealt":480,"minecraft:leave_game":1,"minecraft:time_since_death":6907,"minecraft:walk_on_water_one_cm":141,"minecraft:sleep_in_bed":1,"minecraft:total_world_time":6907,"minecraft:swim_one_cm":5383,"minecraft:interact_with_crafting_table":2,"minecraft:fall_one_cm":3597,"minecraft:fly_one_cm":44589},"minecraft:crafted":{"minecraft:white_bed":1,"minecraft:oak_planks":16,"minecraft:crafting_table":1,"minecraft:stick":4,"minecraft:wooden_axe":1},"minecraft:mined":{"minecraft:oak_log":30,"minecraft:white_bed":1,"minecraft:crafting_table":2},"minecraft:used":{"minecraft:wooden_axe":35,"minecraft:apple":3,"minecraft:crafting_table":2,"minecraft:white_bed":1},"minecraft:picked_up":{"minecraft:crafting_table":2,"minecraft:stick":5,"minecraft:apple":65,"minecraft:oak_log":30,"minecraft:white_bed":1,"minecraft:oak_sapling":5,"minecraft:mutton":9,"minecraft:white_wool":6}},"DataVersion":3953}