{"stats":{"minecraft:mined":{"minecraft:granite":32,"minecraft:grass_block":145,"minecraft:decorated_pot":1,"minecraft:spruce_leaves":17,"minecraft:composter":2,"minecraft:spawner":2,"minecraft:large_fern":1,"minecraft:iron_ore":2,"minecraft:andesite":11,"minecraft:pumpkin":2,"minecraft:potatoes":24,"minecraft:dirt_path":5,"minecraft:stone":79,"minecraft:podzol":1,"minecraft:brown_mushroom":3,"minecraft:red_bed":3,"minecraft:amethyst_cluster":1,"minecraft:dandelion":4,"minecraft:oak_fence":3,"minecraft:crafting_table":1,"minecraft:torch":4,"minecraft:short_grass":246,"minecraft:blast_furnace":3,"minecraft:calcite":2,"minecraft:campfire":1,"minecraft:tall_grass":27,"minecraft:glass":2,"minecraft:copper_ore":1,"minecraft:sugar_cane":2,"minecraft:diorite":9,"minecraft:wall_torch":2,"minecraft:amethyst_block":5,"minecraft:coarse_dirt":2,"minecraft:wheat":1,"minecraft:spruce_log":6,"minecraft:yellow_bed":7,"minecraft:coal_ore":3,"minecraft:oak_log":9,"minecraft:beetroots":20,"minecraft:dirt":73,"minecraft:sand":13,"minecraft:cobweb":1,"minecraft:smooth_basalt":1,"minecraft:oak_leaves":1,"minecraft:fern":3},"minecraft:picked_up":{"wheelbarrow:copper_wheelbarrow":2,"minecraft:charcoal":2,"minecraft:coarse_dirt":2,"minecraft:crafting_table":1,"minecraft:chicken":2,"minecraft:golden_pickaxe":1,"minecraft:brown_mushroom":3,"minecraft:golden_shovel":1,"minecraft:golden_sword":1,"minecraft:brick":4,"minecraft:amethyst_block":5,"minecraft:string":2,"minecraft:red_bed":3,"minecraft:raw_copper":43,"minecraft:beetroot":19,"minecraft:gold_nugget":3,"minecraft:beef":6,"minecraft:calcite":2,"minecraft:iron_nugget":1,"minecraft:sugar_cane":4,"minecraft:stick":2,"minecraft:raw_iron":7,"minecraft:composter":2,"minecraft:oak_fence":3,"minecraft:torch":9,"minecraft:porkchop":9,"minecraft:golden_axe":1,"minecraft:diorite":9,"minecraft:redstone":1,"minecraft:beetroot_seeds":36,"minecraft:golden_hoe":2,"minecraft:cobblestone":777,"minecraft:andesite":11,"minecraft:leather":3,"minecraft:potato":74,"minecraft:oak_log":9,"minecraft:yellow_bed":7,"minecraft:dirt":224,"minecraft:apple":5,"minecraft:wheat_seeds":67,"minecraft:moss_block":1,"minecraft:smooth_basalt":1,"minecraft:pumpkin":2,"minecraft:sweet_berries":2,"minecraft:dandelion":5,"minecraft:sand":13,"minecraft:amethyst_shard":4,"justhammers:stone_hammer":2,"minecraft:blast_furnace":3,"minecraft:spruce_log":6,"minecraft:pumpkin_seeds":8,"minecraft:granite":32,"minecraft:emerald":2,"minecraft:oak_sapling":2,"minecraft:coal":59},"minecraft:broken":{"minecraft:golden_hoe":1,"minecraft:golden_shovel":1,"minecraft:stone_pickaxe":1,"minecraft:golden_axe":1,"minecraft:golden_pickaxe":1,"minecraft:stone_shovel":1},"minecraft:custom":{"minecraft:mob_kills":10,"minecraft:interact_with_crafting_table":31,"minecraft:leave_game":3,"minecraft:time_since_death":129650,"minecraft:climb_one_cm":490,"minecraft:sprint_one_cm":347222,"minecraft:walk_one_cm":298305,"minecraft:drop":5,"minecraft:talked_to_villager":2,"minecraft:play_time":129650,"minecraft:sneak_time":2240,"minecraft:walk_under_water_one_cm":1868,"minecraft:jump":2826,"minecraft:interact_with_blast_furnace":20,"minecraft:walk_on_water_one_cm":13339,"minecraft:total_world_time":129650,"minecraft:interact_with_furnace":22,"minecraft:sleep_in_bed":11,"minecraft:time_since_rest":168,"minecraft:damage_taken":710,"minecraft:damage_dealt":780,"minecraft:swim_one_cm":37617,"minecraft:fly_one_cm":636204,"minecraft:open_chest":37,"minecraft:crouch_one_cm":8315,"minecraft:fall_one_cm":70687},"minecraft:dropped":{"minecraft:wooden_axe":1,"minecraft:gold_nugget":1,"justhammers:stone_hammer":2,"minecraft:wooden_pickaxe":1},"minecraft:killed":{"minecraft:chicken":2,"minecraft:pig":4,"minecraft:cow":2},"minecraft:used":{"minecraft:oak_trapdoor":2,"minecraft:moss_block":1,"minecraft:oak_fence":1,"minecraft:stone_shovel":169,"minecraft:stone":1,"minecraft:stone_hoe":40,"minecraft:torch":20,"minecraft:dirt":219,"minecraft:golden_shovel":34,"minecraft:granite":32,"minecraft:glass":2,"minecraft:wooden_axe":7,"wheelbarrow:copper_wheelbarrow":3,"minecraft:golden_sword":69,"minecraft:potato":56,"minecraft:golden_axe":33,"minecraft:water_bucket":4,"minecraft:diorite":5,"minecraft:stone_pickaxe":77,"minecraft:wooden_pickaxe":1,"minecraft:composter":2,"minecraft:golden_hoe":29,"minecraft:crafting_table":3,"minecraft:red_bed":3,"minecraft:blast_furnace":3,"minecraft:apple":20,"minecraft:bread":19,"minecraft:iron_pickaxe":46,"justhammers:stone_hammer":636,"minecraft:cobblestone":15,"minecraft:bucket":4,"minecraft:andesite":11,"minecraft:yellow_bed":7,"minecraft:coarse_dirt":1,"minecraft:bone_meal":12,"minecraft:golden_pickaxe":32},"minecraft:crafted":{"minecraft:oak_planks":36,"minecraft:stone_shovel":2,"wheelbarrow:copper_wheelbarrow":1,"minecraft:spruce_button":12,"minecraft:stone":44,"minecraft:bone_meal":24,"minecraft:oak_trapdoor":2,"minecraft:glass":13,"minecraft:stone_pickaxe":1,"minecraft:stone_hoe":1,"minecraft:crafting_table":2,"minecraft:spruce_planks":20,"minecraft:wooden_pickaxe":1,"minecraft:copper_ingot":24,"minecraft:bucket":1,"minecraft:air":0,"justhammers:stone_hammer":10,"minecraft:stick":48,"minecraft:iron_ingot":6,"minecraft:iron_pickaxe":1,"minecraft:wooden_axe":1,"minecraft:torch":12}},"DataVersion":3953}