{"stats":{"minecraft:dropped":{"minecraft:wooden_axe":1,"minecraft:gold_nugget":1,"minecraft:wooden_pickaxe":1},"minecraft:killed":{"minecraft:pig":4,"minecraft:chicken":2},"minecraft:custom":{"minecraft:interact_with_furnace":15,"minecraft:mob_kills":7,"minecraft:interact_with_crafting_table":20,"minecraft:leave_game":1,"minecraft:time_since_death":79905,"minecraft:sleep_in_bed":6,"minecraft:climb_one_cm":490,"minecraft:time_since_rest":19008,"minecraft:sprint_one_cm":244611,"minecraft:damage_taken":540,"minecraft:walk_one_cm":154522,"minecraft:drop":3,"minecraft:damage_dealt":520,"minecraft:swim_one_cm":37617,"minecraft:fly_one_cm":450044,"minecraft:open_chest":21,"minecraft:play_time":79905,"minecraft:crouch_one_cm":1002,"minecraft:sneak_time":510,"minecraft:walk_under_water_one_cm":1868,"minecraft:jump":2003,"minecraft:interact_with_blast_furnace":13,"minecraft:walk_on_water_one_cm":13126,"minecraft:total_world_time":79905,"minecraft:fall_one_cm":55169},"minecraft:crafted":{"minecraft:oak_planks":36,"minecraft:stone_shovel":2,"minecraft:crafting_table":2,"minecraft:spruce_planks":12,"minecraft:wooden_pickaxe":1,"minecraft:stone":10,"minecraft:bone_meal":12,"minecraft:bucket":1,"minecraft:air":0,"minecraft:oak_trapdoor":2,"minecraft:glass":3,"justhammers:stone_hammer":2,"minecraft:stick":24,"minecraft:iron_ingot":6,"minecraft:stone_pickaxe":1,"minecraft:wooden_axe":1,"minecraft:torch":12,"minecraft:stone_hoe":1},"minecraft:picked_up":{"minecraft:charcoal":2,"minecraft:crafting_table":1,"minecraft:coarse_dirt":2,"minecraft:chicken":2,"minecraft:andesite":5,"minecraft:golden_pickaxe":1,"minecraft:brown_mushroom":3,"minecraft:potato":32,"minecraft:golden_shovel":1,"minecraft:oak_log":9,"minecraft:golden_sword":1,"minecraft:brick":4,"minecraft:yellow_bed":7,"minecraft:dirt":212,"minecraft:red_bed":3,"minecraft:string":2,"minecraft:raw_copper":24,"minecraft:apple":5,"minecraft:wheat_seeds":17,"minecraft:gold_nugget":3,"minecraft:sugar_cane":4,"minecraft:moss_block":1,"minecraft:stick":2,"minecraft:raw_iron":6,"minecraft:pumpkin":2,"minecraft:sweet_berries":2,"minecraft:composter":2,"minecraft:oak_fence":3,"minecraft:torch":6,"minecraft:dandelion":5,"minecraft:porkchop":9,"minecraft:sand":13,"minecraft:golden_axe":1,"minecraft:blast_furnace":3,"minecraft:diorite":9,"minecraft:spruce_log":6,"minecraft:redstone":1,"minecraft:pumpkin_seeds":8,"minecraft:beetroot_seeds":1,"minecraft:golden_hoe":2,"minecraft:granite":21,"minecraft:emerald":2,"minecraft:oak_sapling":2,"minecraft:coal":25,"minecraft:cobblestone":36},"minecraft:mined":{"minecraft:podzol":1,"minecraft:brown_mushroom":3,"minecraft:red_bed":3,"minecraft:dandelion":4,"minecraft:oak_fence":3,"minecraft:crafting_table":1,"minecraft:torch":3,"minecraft:granite":21,"minecraft:short_grass":95,"minecraft:blast_furnace":3,"minecraft:grass_block":140,"minecraft:decorated_pot":1,"minecraft:campfire":1,"minecraft:copper_ore":1,"minecraft:glass":1,"minecraft:tall_grass":7,"minecraft:spruce_leaves":17,"minecraft:composter":2,"minecraft:sugar_cane":2,"minecraft:diorite":9,"minecraft:spawner":2,"minecraft:large_fern":1,"minecraft:coarse_dirt":2,"minecraft:iron_ore":1,"minecraft:spruce_log":6,"minecraft:andesite":5,"minecraft:pumpkin":2,"minecraft:yellow_bed":7,"minecraft:potatoes":13,"minecraft:oak_log":9,"minecraft:coal_ore":1,"minecraft:beetroots":1,"minecraft:dirt_path":4,"minecraft:sand":13,"minecraft:dirt":67,"minecraft:cobweb":1,"minecraft:stone":36,"minecraft:oak_leaves":1,"minecraft:fern":3},"minecraft:used":{"minecraft:oak_trapdoor":2,"minecraft:oak_fence":1,"minecraft:moss_block":1,"minecraft:water_bucket":2,"minecraft:diorite":5,"minecraft:stone_pickaxe":49,"minecraft:stone_shovel":169,"minecraft:stone":1,"minecraft:wooden_pickaxe":1,"minecraft:composter":2,"minecraft:stone_hoe":15,"minecraft:torch":12,"minecraft:golden_hoe":29,"minecraft:dirt":180,"minecraft:crafting_table":3,"minecraft:red_bed":2,"minecraft:blast_furnace":3,"minecraft:golden_shovel":34,"minecraft:granite":21,"minecraft:glass":2,"minecraft:wooden_axe":7,"minecraft:apple":8,"minecraft:bread":19,"justhammers:stone_hammer":123,"minecraft:golden_sword":62,"minecraft:cobblestone":1,"minecraft:andesite":5,"minecraft:bucket":2,"minecraft:yellow_bed":7,"minecraft:potato":39,"minecraft:coarse_dirt":1,"minecraft:golden_axe":33,"minecraft:golden_pickaxe":32,"minecraft:bone_meal":12},"minecraft:broken":{"minecraft:golden_hoe":1,"minecraft:golden_axe":1,"minecraft:golden_pickaxe":1,"minecraft:golden_shovel":1,"minecraft:stone_shovel":1}},"DataVersion":3953}