{"stats":{"minecraft:mined":{"minecraft:tuff":37,"minecraft:spruce_planks":65,"minecraft:oak_sapling":1,"minecraft:granite":39,"minecraft:stone_brick_wall":5,"minecraft:spruce_fence":16,"minecraft:grass_block":335,"minecraft:decorated_pot":1,"minecraft:spruce_leaves":37,"minecraft:composter":2,"minecraft:spawner":2,"minecraft:large_fern":5,"minecraft:carrots":21,"minecraft:spruce_sapling":8,"minecraft:furnace":1,"minecraft:iron_ore":3,"minecraft:cobbled_deepslate":1,"minecraft:andesite":51,"minecraft:pumpkin":2,"minecraft:deepslate_lapis_ore":1,"minecraft:peony":7,"minecraft:potatoes":152,"travelersbackpack:yellow_sleeping_bag":1,"minecraft:dirt_path":6,"sulfurpotassiummod:potassium_ore":8,"minecraft:stone":290,"minecraft:podzol":1,"minecraft:brown_mushroom":3,"minecraft:glass_pane":7,"sulfurpotassiummod:sulfur_ore":6,"minecraft:red_bed":12,"minecraft:lily_of_the_valley":1,"minecraft:amethyst_cluster":1,"minecraft:dandelion":4,"minecraft:oak_fence":6,"minecraft:crafting_table":2,"minecraft:torch":5,"minecraft:short_grass":375,"minecraft:blast_furnace":8,"minecraft:calcite":2,"minecraft:rose_bush":11,"minecraft:chest":1,"minecraft:campfire":1,"minecraft:copper_ore":1,"minecraft:tall_grass":49,"minecraft:glass":2,"minecraft:cobblestone":13,"minecraft:lapis_ore":3,"minecraft:oak_planks":2,"minecraft:sugar_cane":23,"minecraft:diorite":9,"minecraft:wall_torch":9,"minecraft:amethyst_block":5,"minecraft:birch_sapling":2,"minecraft:birch_planks":292,"minecraft:coarse_dirt":2,"minecraft:birch_log":180,"minecraft:wheat":1,"minecraft:lilac":10,"minecraft:spruce_log":581,"minecraft:birch_leaves":4,"minecraft:stone_brick_stairs":16,"minecraft:yellow_bed":7,"minecraft:oak_log":221,"minecraft:coal_ore":5,"minecraft:beetroots":47,"minecraft:dirt":139,"minecraft:sand":324,"minecraft:cobweb":1,"minecraft:smooth_basalt":1,"minecraft:stonecutter":1,"minecraft:stone_bricks":11,"minecraft:oak_leaves":207,"minecraft:deepslate":258,"minecraft:fern":3},"minecraft:picked_up":{"wheelbarrow:copper_wheelbarrow":2,"minecraft:charcoal":2,"minecraft:crafting_table":2,"minecraft:coarse_dirt":2,"minecraft:firework_star":15,"minecraft:lead":3,"minecraft:chicken":2,"minecraft:golden_pickaxe":1,"sulfurpotassiummod:sulfur":6,"minecraft:brown_mushroom":3,"minecraft:stone_brick_wall":5,"minecraft:golden_shovel":1,"minecraft:stone_brick_stairs":13,"minecraft:brick":4,"minecraft:golden_sword":1,"minecraft:amethyst_block":5,"minecraft:cornflower":1,"minecraft:string":11,"minecraft:red_bed":12,"minecraft:raw_copper":55,"minecraft:iron_axe":1,"minecraft:beetroot":19,"minecraft:gold_nugget":6,"minecraft:cobbled_deepslate":259,"minecraft:spruce_planks":65,"minecraft:beef":15,"minecraft:rose_bush":8,"minecraft:calcite":2,"minecraft:poppy":2,"minecraft:iron_nugget":2,"minecraft:sugar_cane":60,"minecraft:chest":1,"minecraft:birch_sapling":50,"minecraft:spruce_trapdoor":2,"minecraft:furnace":1,"minecraft:tipped_arrow":1,"minecraft:stick":162,"minecraft:raw_iron":10,"travelersbackpack:yellow_sleeping_bag":1,"sulfurpotassiummod:raw_potassium":8,"minecraft:composter":2,"minecraft:copper_ingot":20,"minecraft:oak_fence":6,"minecraft:torch":24,"minecraft:spruce_fence":15,"minecraft:porkchop":9,"minecraft:golden_axe":1,"minecraft:diorite":9,"minecraft:carrot":80,"minecraft:redstone":5,"minecraft:arrow":10,"minecraft:rotten_flesh":7,"minecraft:beetroot_seeds":53,"minecraft:peony":7,"minecraft:golden_hoe":2,"minecraft:glow_berries":2,"minecraft:mutton":2,"minecraft:oxeye_daisy":3,"minecraft:white_wool":5,"minecraft:cobblestone":1687,"minecraft:birch_log":180,"minecraft:lilac":9,"minecraft:andesite":86,"minecraft:leather":7,"minecraft:potato":451,"minecraft:birch_planks":295,"minecraft:tuff":36,"minecraft:oak_log":218,"minecraft:yellow_bed":7,"minecraft:gunpowder":4,"minecraft:cobblestone_stairs":1,"minecraft:lapis_lazuli":110,"minecraft:dirt":540,"minecraft:bone":16,"minecraft:apple":389,"minecraft:stone_bricks":11,"minecraft:bow":2,"minecraft:stonecutter":1,"minecraft:wheat_seeds":96,"minecraft:iron_ingot":3,"minecraft:moss_block":1,"minecraft:stone_hoe":1,"minecraft:oak_planks":2,"minecraft:smooth_basalt":1,"minecraft:pumpkin":2,"minecraft:sweet_berries":7,"minecraft:dandelion":13,"minecraft:sand":312,"minecraft:amethyst_shard":4,"justhammers:stone_hammer":2,"minecraft:spruce_sapling":63,"minecraft:blast_furnace":8,"minecraft:lily_of_the_valley":1,"minecraft:spruce_log":553,"minecraft:spider_eye":3,"minecraft:pumpkin_seeds":8,"minecraft:diamond":1,"minecraft:stone_axe":1,"minecraft:granite":39,"minecraft:emerald":4,"minecraft:baked_potato":3,"minecraft:oak_sapling":87,"minecraft:oak_leaves":177,"minecraft:coal":100},"minecraft:broken":{"minecraft:golden_hoe":1,"minecraft:golden_shovel":1,"minecraft:stone_pickaxe":1,"minecraft:golden_sword":1,"minecraft:golden_axe":1,"minecraft:iron_axe":3,"minecraft:stone_axe":2,"minecraft:iron_pickaxe":2,"minecraft:golden_pickaxe":1,"minecraft:stone_shovel":1},"minecraft:custom":{"minecraft:mob_kills":53,"minecraft:interact_with_crafting_table":96,"minecraft:leave_game":6,"minecraft:time_since_death":424493,"minecraft:climb_one_cm":490,"minecraft:sprint_one_cm":1019178,"minecraft:walk_one_cm":1099725,"minecraft:drop":39,"minecraft:talked_to_villager":8,"minecraft:play_time":424493,"minecraft:sneak_time":17684,"minecraft:walk_under_water_one_cm":3012,"minecraft:jump":8527,"minecraft:interact_with_blast_furnace":31,"minecraft:walk_on_water_one_cm":25595,"minecraft:total_world_time":424493,"minecraft:interact_with_furnace":211,"minecraft:interact_with_stonecutter":18,"minecraft:sleep_in_bed":31,"minecraft:time_since_rest":8795,"minecraft:damage_absorbed":59,"minecraft:damage_taken":3345,"minecraft:damage_dealt":7309,"minecraft:swim_one_cm":39713,"minecraft:fly_one_cm":1854619,"minecraft:open_chest":327,"minecraft:crouch_one_cm":63235,"minecraft:fall_one_cm":202510,"minecraft:horse_one_cm":41},"minecraft:dropped":{"minecraft:stone_hoe":2,"minecraft:wheat_seeds":4,"minecraft:copper_ingot":8,"minecraft:wooden_axe":1,"minecraft:gold_nugget":1,"minecraft:iron_axe":1,"minecraft:stone_axe":1,"minecraft:rotten_flesh":1,"minecraft:carrot":3,"justhammers:stone_hammer":2,"minecraft:potato":23,"minecraft:spruce_trapdoor":1,"minecraft:wooden_pickaxe":1},"minecraft:killed":{"minecraft:spider":6,"minecraft:skeleton":8,"minecraft:chicken":2,"minecraft:skeleton_horse":3,"minecraft:pig":4,"minecraft:zombie_villager":2,"minecraft:creeper":3,"minecraft:sheep":1,"minecraft:zombie":10,"minecraft:stray":1,"minecraft:cow":6},"minecraft:used":{"minecraft:oak_fence":5,"minecraft:oak_trapdoor":2,"minecraft:moss_block":1,"minecraft:iron_shovel":474,"minecraft:stone_shovel":219,"minecraft:chest":17,"minecraft:spruce_planks":467,"minecraft:stone":329,"minecraft:firework_star":2,"minecraft:stone_hoe":40,"minecraft:torch":71,"minecraft:dirt":472,"minecraft:anvil":1,"minecraft:carrot":77,"minecraft:golden_shovel":34,"minecraft:granite":32,"minecraft:spruce_fence":136,"minecraft:glass":96,"minecraft:iron_hoe":111,"minecraft:stone_brick_slab":56,"minecraft:wooden_axe":7,"wheelbarrow:copper_wheelbarrow":3,"minecraft:iron_axe":1253,"minecraft:birch_sapling":47,"minecraft:stone_brick_stairs":75,"minecraft:stone_bricks":459,"minecraft:golden_sword":78,"minecraft:oak_sapling":75,"minecraft:furnace":10,"minecraft:potato":221,"minecraft:cooked_beef":5,"minecraft:cobbled_deepslate":7,"minecraft:golden_axe":33,"minecraft:wheat_seeds":4,"minecraft:water_bucket":16,"minecraft:diorite":5,"minecraft:birch_planks":417,"minecraft:baked_potato":45,"minecraft:stone_pickaxe":77,"minecraft:oak_planks":1,"minecraft:sugar_cane":17,"minecraft:wooden_pickaxe":1,"minecraft:composter":2,"minecraft:stonecutter":2,"minecraft:oak_leaves":127,"minecraft:golden_hoe":41,"minecraft:blast_furnace":8,"minecraft:crafting_table":14,"minecraft:red_bed":12,"minecraft:stone_brick_wall":163,"minecraft:spruce_log":42,"minecraft:shears":188,"justhammers:iron_hammer":87,"minecraft:apple":51,"minecraft:iron_pickaxe":682,"minecraft:bread":19,"justhammers:stone_hammer":650,"minecraft:spruce_sapling":63,"minecraft:stone_axe":338,"globalxp:xp_block":1,"minecraft:cobblestone":92,"minecraft:cooked_porkchop":9,"minecraft:andesite":11,"minecraft:bucket":17,"minecraft:glass_pane":224,"minecraft:yellow_bed":7,"minecraft:coarse_dirt":1,"minecraft:golden_pickaxe":32,"travelersbackpack:yellow_sleeping_bag":1,"minecraft:bone_meal":18},"minecraft:crafted":{"minecraft:yellow_wool":2,"minecraft:oak_planks":300,"minecraft:stone_shovel":2,"globalxp:xp_block":1,"wheelbarrow:copper_wheelbarrow":1,"minecraft:spruce_button":12,"travelersbackpack:yellow_sleeping_bag":1,"minecraft:furnace":9,"minecraft:stone":1160,"minecraft:bone_meal":30,"minecraft:spruce_fence":141,"minecraft:glass_pane":224,"minecraft:oak_trapdoor":2,"minecraft:iron_bars":16,"minecraft:glass":194,"minecraft:iron_boots":1,"minecraft:iron_axe":8,"minecraft:iron_hoe":1,"minecraft:stone_pickaxe":1,"minecraft:chest":16,"minecraft:stone_hoe":1,"minecraft:cooked_beef":5,"minecraft:cooked_porkchop":9,"minecraft:crafting_table":18,"minecraft:spruce_planks":764,"travelersbackpack:backpack_tank":2,"minecraft:iron_helmet":1,"minecraft:wooden_pickaxe":1,"minecraft:baked_potato":153,"minecraft:copper_ingot":24,"minecraft:bucket":1,"minecraft:birch_planks":656,"minecraft:stone_axe":3,"minecraft:air":0,"justhammers:iron_hammer":1,"minecraft:iron_chestplate":1,"minecraft:shield":1,"minecraft:yellow_dye":2,"justhammers:stone_hammer":10,"minecraft:compass":1,"minecraft:stick":112,"minecraft:iron_ingot":9,"minecraft:iron_pickaxe":4,"minecraft:wooden_axe":1,"minecraft:iron_block":60,"minecraft:iron_shovel":6,"minecraft:iron_leggings":1,"minecraft:anvil":1,"minecraft:stonecutter":1,"minecraft:torch":52,"minecraft:shears":1}},"DataVersion":3953}