{"stats":{"minecraft:dropped":{"minecraft:wooden_axe":1,"minecraft:gold_nugget":1,"minecraft:wooden_pickaxe":1},"minecraft:killed":{"minecraft:pig":4,"minecraft:chicken":2},"minecraft:custom":{"minecraft:interact_with_furnace":6,"minecraft:mob_kills":7,"minecraft:interact_with_crafting_table":7,"minecraft:time_since_death":40955,"minecraft:sleep_in_bed":3,"minecraft:climb_one_cm":490,"minecraft:time_since_rest":5857,"minecraft:sprint_one_cm":183546,"minecraft:damage_taken":380,"minecraft:walk_one_cm":52121,"minecraft:drop":3,"minecraft:damage_dealt":520,"minecraft:swim_one_cm":37040,"minecraft:fly_one_cm":341359,"minecraft:open_chest":15,"minecraft:play_time":40955,"minecraft:sneak_time":216,"minecraft:walk_under_water_one_cm":1824,"minecraft:jump":1515,"minecraft:interact_with_blast_furnace":2,"minecraft:walk_on_water_one_cm":9294,"minecraft:total_world_time":40955,"minecraft:fall_one_cm":45361},"minecraft:crafted":{"minecraft:oak_planks":36,"minecraft:crafting_table":2,"minecraft:wooden_pickaxe":1,"minecraft:stone":3,"justhammers:stone_hammer":1,"minecraft:stick":12,"minecraft:stone_pickaxe":1,"minecraft:wooden_axe":1,"minecraft:torch":12},"minecraft:used":{"minecraft:moss_block":1,"minecraft:diorite":5,"minecraft:stone_pickaxe":45,"minecraft:wooden_pickaxe":1,"minecraft:torch":6,"minecraft:crafting_table":2,"minecraft:blast_furnace":3,"minecraft:golden_shovel":7,"minecraft:granite":21,"minecraft:wooden_axe":7,"minecraft:apple":6,"minecraft:bread":14,"justhammers:stone_hammer":2,"minecraft:golden_sword":16,"minecraft:andesite":5,"minecraft:yellow_bed":3,"minecraft:golden_pickaxe":32,"minecraft:golden_axe":25},"minecraft:picked_up":{"minecraft:charcoal":2,"minecraft:coarse_dirt":1,"minecraft:crafting_table":1,"minecraft:chicken":2,"minecraft:andesite":5,"minecraft:golden_pickaxe":1,"minecraft:brown_mushroom":3,"minecraft:golden_shovel":1,"minecraft:oak_log":9,"minecraft:brick":4,"minecraft:yellow_bed":4,"minecraft:golden_sword":1,"minecraft:string":2,"minecraft:dirt":8,"minecraft:apple":5,"minecraft:gold_nugget":3,"minecraft:sugar_cane":4,"minecraft:moss_block":1,"minecraft:stick":2,"minecraft:raw_iron":6,"minecraft:sweet_berries":2,"minecraft:torch":2,"minecraft:dandelion":1,"minecraft:porkchop":9,"minecraft:golden_axe":1,"minecraft:blast_furnace":3,"minecraft:diorite":9,"minecraft:spruce_log":6,"minecraft:redstone":1,"minecraft:golden_hoe":2,"minecraft:granite":21,"minecraft:emerald":2,"minecraft:oak_sapling":2,"minecraft:coal":25,"minecraft:cobblestone":33},"minecraft:mined":{"minecraft:podzol":1,"minecraft:brown_mushroom":3,"minecraft:dandelion":1,"minecraft:crafting_table":1,"minecraft:torch":2,"minecraft:granite":21,"minecraft:short_grass":7,"minecraft:blast_furnace":3,"minecraft:grass_block":3,"minecraft:decorated_pot":1,"minecraft:campfire":1,"minecraft:spruce_leaves":17,"minecraft:sugar_cane":2,"minecraft:diorite":9,"minecraft:spawner":2,"minecraft:large_fern":1,"minecraft:coarse_dirt":1,"minecraft:iron_ore":1,"minecraft:spruce_log":6,"minecraft:andesite":5,"minecraft:yellow_bed":4,"minecraft:oak_log":9,"minecraft:coal_ore":1,"minecraft:dirt":4,"minecraft:cobweb":1,"minecraft:stone":33,"minecraft:oak_leaves":1,"minecraft:fern":3},"minecraft:broken":{"minecraft:golden_pickaxe":1}},"DataVersion":3953}