{"stats":{"minecraft:dropped":{"minecraft:wooden_axe":1,"minecraft:gold_nugget":1,"minecraft:wooden_pickaxe":1},"minecraft:killed":{"minecraft:pig":4,"minecraft:chicken":2},"minecraft:custom":{"minecraft:time_since_rest":7945,"minecraft:sprint_one_cm":73291,"minecraft:interact_with_furnace":1,"minecraft:damage_taken":110,"minecraft:walk_one_cm":21661,"minecraft:mob_kills":6,"minecraft:drop":3,"minecraft:damage_dealt":480,"minecraft:swim_one_cm":17060,"minecraft:interact_with_crafting_table":5,"minecraft:fly_one_cm":129651,"minecraft:open_chest":9,"minecraft:play_time":16955,"minecraft:sneak_time":18,"minecraft:walk_under_water_one_cm":518,"minecraft:jump":552,"minecraft:walk_on_water_one_cm":3501,"minecraft:time_since_death":16955,"minecraft:sleep_in_bed":1,"minecraft:climb_one_cm":490,"minecraft:total_world_time":16955,"minecraft:fall_one_cm":13845},"minecraft:crafted":{"minecraft:oak_planks":36,"minecraft:crafting_table":2,"minecraft:stick":8,"minecraft:wooden_pickaxe":1,"minecraft:stone_pickaxe":1,"minecraft:wooden_axe":1,"minecraft:torch":12},"minecraft:mined":{"minecraft:iron_ore":1,"minecraft:andesite":5,"minecraft:yellow_bed":2,"minecraft:crafting_table":1,"minecraft:granite":21,"minecraft:short_grass":7,"minecraft:coal_ore":1,"minecraft:grass_block":3,"minecraft:oak_log":9,"minecraft:dirt":4,"minecraft:stone":33,"minecraft:diorite":9,"minecraft:spawner":1},"minecraft:used":{"minecraft:moss_block":1,"minecraft:wooden_axe":7,"minecraft:apple":3,"minecraft:bread":3,"minecraft:stone_pickaxe":38,"minecraft:wooden_pickaxe":1,"minecraft:crafting_table":2,"minecraft:andesite":1,"minecraft:yellow_bed":1,"minecraft:golden_shovel":7,"minecraft:granite":2,"minecraft:golden_axe":13,"minecraft:golden_pickaxe":32},"minecraft:picked_up":{"minecraft:crafting_table":1,"minecraft:stick":2,"minecraft:raw_iron":6,"minecraft:chicken":2,"minecraft:andesite":5,"minecraft:golden_pickaxe":1,"minecraft:porkchop":9,"minecraft:golden_shovel":1,"minecraft:golden_axe":1,"minecraft:oak_log":9,"minecraft:diorite":9,"minecraft:yellow_bed":2,"minecraft:golden_sword":1,"minecraft:redstone":1,"minecraft:dirt":7,"minecraft:apple":5,"minecraft:gold_nugget":3,"minecraft:golden_hoe":1,"minecraft:granite":21,"minecraft:emerald":2,"minecraft:oak_sapling":2,"minecraft:moss_block":1,"minecraft:coal":25,"minecraft:cobblestone":33},"minecraft:broken":{"minecraft:golden_pickaxe":1}},"DataVersion":3953}