{"stats":{"minecraft:dropped":{"minecraft:wooden_axe":1,"minecraft:gold_nugget":1,"minecraft:wooden_pickaxe":1},"minecraft:killed":{"minecraft:pig":4,"minecraft:chicken":2},"minecraft:custom":{"minecraft:interact_with_furnace":7,"minecraft:mob_kills":7,"minecraft:interact_with_crafting_table":9,"minecraft:time_since_death":52955,"minecraft:sleep_in_bed":4,"minecraft:climb_one_cm":490,"minecraft:time_since_rest":5105,"minecraft:sprint_one_cm":197592,"minecraft:damage_taken":400,"minecraft:walk_one_cm":101216,"minecraft:drop":3,"minecraft:damage_dealt":520,"minecraft:swim_one_cm":37617,"minecraft:fly_one_cm":362874,"minecraft:open_chest":15,"minecraft:play_time":52955,"minecraft:sneak_time":216,"minecraft:walk_under_water_one_cm":1868,"minecraft:jump":1612,"minecraft:interact_with_blast_furnace":3,"minecraft:walk_on_water_one_cm":12866,"minecraft:total_world_time":52955,"minecraft:fall_one_cm":46392},"minecraft:crafted":{"minecraft:oak_planks":36,"minecraft:stone_shovel":1,"minecraft:crafting_table":2,"minecraft:wooden_pickaxe":1,"minecraft:stone":10,"minecraft:air":0,"justhammers:stone_hammer":2,"minecraft:stick":24,"minecraft:stone_pickaxe":1,"minecraft:wooden_axe":1,"minecraft:torch":12},"minecraft:used":{"minecraft:moss_block":1,"minecraft:diorite":5,"minecraft:stone_shovel":85,"minecraft:stone_pickaxe":46,"minecraft:stone":1,"minecraft:wooden_pickaxe":1,"minecraft:torch":7,"minecraft:dirt":76,"minecraft:crafting_table":3,"minecraft:blast_furnace":3,"minecraft:golden_shovel":34,"minecraft:granite":21,"minecraft:wooden_axe":7,"minecraft:apple":6,"minecraft:bread":14,"justhammers:stone_hammer":123,"minecraft:golden_sword":58,"minecraft:andesite":5,"minecraft:yellow_bed":4,"minecraft:coarse_dirt":1,"minecraft:golden_pickaxe":32,"minecraft:golden_axe":31},"minecraft:picked_up":{"minecraft:charcoal":2,"minecraft:coarse_dirt":2,"minecraft:crafting_table":1,"minecraft:chicken":2,"minecraft:andesite":5,"minecraft:golden_pickaxe":1,"minecraft:brown_mushroom":3,"minecraft:golden_shovel":1,"minecraft:oak_log":9,"minecraft:brick":4,"minecraft:yellow_bed":5,"minecraft:golden_sword":1,"minecraft:string":2,"minecraft:dirt":130,"minecraft:apple":5,"minecraft:wheat_seeds":13,"minecraft:gold_nugget":3,"minecraft:sugar_cane":4,"minecraft:moss_block":1,"minecraft:stick":2,"minecraft:raw_iron":6,"minecraft:pumpkin":2,"minecraft:sweet_berries":2,"minecraft:oak_fence":3,"minecraft:torch":6,"minecraft:dandelion":5,"minecraft:porkchop":9,"minecraft:golden_axe":1,"minecraft:blast_furnace":3,"minecraft:diorite":9,"minecraft:spruce_log":6,"minecraft:redstone":1,"minecraft:pumpkin_seeds":8,"minecraft:golden_hoe":2,"minecraft:granite":21,"minecraft:emerald":2,"minecraft:oak_sapling":2,"minecraft:coal":25,"minecraft:cobblestone":34},"minecraft:mined":{"minecraft:podzol":1,"minecraft:brown_mushroom":3,"minecraft:dandelion":4,"minecraft:oak_fence":3,"minecraft:crafting_table":1,"minecraft:torch":3,"minecraft:granite":21,"minecraft:short_grass":70,"minecraft:blast_furnace":3,"minecraft:grass_block":112,"minecraft:decorated_pot":1,"minecraft:campfire":1,"minecraft:tall_grass":7,"minecraft:spruce_leaves":17,"minecraft:sugar_cane":2,"minecraft:diorite":9,"minecraft:spawner":2,"minecraft:large_fern":1,"minecraft:coarse_dirt":2,"minecraft:iron_ore":1,"minecraft:spruce_log":6,"minecraft:andesite":5,"minecraft:pumpkin":2,"minecraft:yellow_bed":5,"minecraft:oak_log":9,"minecraft:coal_ore":1,"minecraft:dirt_path":4,"minecraft:dirt":16,"minecraft:cobweb":1,"minecraft:stone":34,"minecraft:oak_leaves":1,"minecraft:fern":3},"minecraft:broken":{"minecraft:golden_pickaxe":1,"minecraft:golden_shovel":1}},"DataVersion":3953}