{"stats":{"minecraft:dropped":{"minecraft:wooden_axe":1,"minecraft:gold_nugget":1,"minecraft:wooden_pickaxe":1},"minecraft:killed":{"minecraft:pig":4,"minecraft:chicken":2},"minecraft:custom":{"minecraft:interact_with_furnace":1,"minecraft:mob_kills":6,"minecraft:interact_with_crafting_table":5,"minecraft:time_since_death":28955,"minecraft:sleep_in_bed":2,"minecraft:climb_one_cm":490,"minecraft:time_since_rest":6880,"minecraft:sprint_one_cm":131673,"minecraft:damage_taken":220,"minecraft:walk_one_cm":35029,"minecraft:drop":3,"minecraft:damage_dealt":480,"minecraft:swim_one_cm":30963,"minecraft:fly_one_cm":240249,"minecraft:open_chest":12,"minecraft:play_time":28955,"minecraft:sneak_time":169,"minecraft:walk_under_water_one_cm":1434,"minecraft:jump":1063,"minecraft:walk_on_water_one_cm":6584,"minecraft:total_world_time":28955,"minecraft:fall_one_cm":30829},"minecraft:crafted":{"minecraft:oak_planks":36,"minecraft:crafting_table":2,"minecraft:wooden_pickaxe":1,"minecraft:stick":8,"minecraft:stone_pickaxe":1,"minecraft:wooden_axe":1,"minecraft:torch":12},"minecraft:mined":{"minecraft:brown_mushroom":3,"minecraft:crafting_table":1,"minecraft:torch":1,"minecraft:granite":21,"minecraft:short_grass":7,"minecraft:blast_furnace":2,"minecraft:grass_block":3,"minecraft:decorated_pot":1,"minecraft:campfire":1,"minecraft:spruce_leaves":5,"minecraft:diorite":9,"minecraft:spawner":2,"minecraft:large_fern":1,"minecraft:iron_ore":1,"minecraft:spruce_log":6,"minecraft:andesite":5,"minecraft:yellow_bed":3,"minecraft:oak_log":9,"minecraft:coal_ore":1,"minecraft:dirt":4,"minecraft:cobweb":1,"minecraft:stone":33,"minecraft:fern":1},"minecraft:used":{"minecraft:moss_block":1,"minecraft:diorite":5,"minecraft:stone_pickaxe":44,"minecraft:wooden_pickaxe":1,"minecraft:torch":5,"minecraft:crafting_table":2,"minecraft:golden_shovel":7,"minecraft:granite":21,"minecraft:wooden_axe":7,"minecraft:apple":6,"minecraft:bread":7,"minecraft:golden_sword":4,"minecraft:andesite":5,"minecraft:yellow_bed":2,"minecraft:golden_pickaxe":32,"minecraft:golden_axe":25},"minecraft:picked_up":{"minecraft:charcoal":2,"minecraft:crafting_table":1,"minecraft:chicken":2,"minecraft:andesite":5,"minecraft:golden_pickaxe":1,"minecraft:brown_mushroom":3,"minecraft:golden_shovel":1,"minecraft:oak_log":9,"minecraft:brick":4,"minecraft:yellow_bed":3,"minecraft:golden_sword":1,"minecraft:string":2,"minecraft:dirt":7,"minecraft:apple":5,"minecraft:gold_nugget":3,"minecraft:moss_block":1,"minecraft:stick":2,"minecraft:raw_iron":6,"minecraft:sweet_berries":2,"minecraft:torch":1,"minecraft:porkchop":9,"minecraft:golden_axe":1,"minecraft:blast_furnace":2,"minecraft:diorite":9,"minecraft:spruce_log":6,"minecraft:redstone":1,"minecraft:golden_hoe":2,"minecraft:granite":21,"minecraft:emerald":2,"minecraft:oak_sapling":2,"minecraft:coal":25,"minecraft:cobblestone":33},"minecraft:broken":{"minecraft:golden_pickaxe":1}},"DataVersion":3953}