{"stats":{"minecraft:mined":{"minecraft:granite":39,"minecraft:grass_block":172,"minecraft:decorated_pot":1,"minecraft:spruce_leaves":17,"minecraft:composter":2,"minecraft:spawner":2,"minecraft:large_fern":1,"minecraft:furnace":1,"minecraft:iron_ore":3,"minecraft:andesite":26,"minecraft:pumpkin":2,"minecraft:potatoes":56,"minecraft:dirt_path":5,"minecraft:stone":166,"minecraft:podzol":1,"minecraft:brown_mushroom":3,"minecraft:glass_pane":2,"minecraft:red_bed":6,"minecraft:amethyst_cluster":1,"minecraft:dandelion":4,"minecraft:oak_fence":3,"minecraft:crafting_table":2,"minecraft:torch":4,"minecraft:short_grass":253,"minecraft:blast_furnace":5,"minecraft:calcite":2,"minecraft:chest":1,"minecraft:campfire":1,"minecraft:cobblestone":3,"minecraft:tall_grass":32,"minecraft:glass":2,"minecraft:copper_ore":1,"minecraft:oak_planks":2,"minecraft:sugar_cane":6,"minecraft:diorite":9,"minecraft:wall_torch":4,"minecraft:amethyst_block":5,"minecraft:birch_planks":90,"minecraft:coarse_dirt":2,"minecraft:birch_log":56,"minecraft:wheat":1,"minecraft:spruce_log":6,"minecraft:yellow_bed":7,"minecraft:coal_ore":3,"minecraft:oak_log":84,"minecraft:beetroots":20,"minecraft:dirt":81,"minecraft:sand":13,"minecraft:cobweb":1,"minecraft:smooth_basalt":1,"minecraft:oak_leaves":8,"minecraft:fern":3},"minecraft:picked_up":{"wheelbarrow:copper_wheelbarrow":2,"minecraft:charcoal":2,"minecraft:coarse_dirt":2,"minecraft:crafting_table":2,"minecraft:firework_star":1,"minecraft:chicken":2,"minecraft:golden_pickaxe":1,"minecraft:brown_mushroom":3,"minecraft:golden_shovel":1,"minecraft:golden_sword":1,"minecraft:brick":4,"minecraft:amethyst_block":5,"minecraft:string":10,"minecraft:red_bed":6,"minecraft:raw_copper":43,"minecraft:beetroot":19,"minecraft:gold_nugget":3,"minecraft:beef":9,"minecraft:calcite":2,"minecraft:iron_nugget":1,"minecraft:sugar_cane":14,"minecraft:chest":1,"minecraft:birch_sapling":16,"minecraft:spruce_trapdoor":1,"minecraft:furnace":1,"minecraft:stick":44,"minecraft:raw_iron":10,"minecraft:composter":2,"minecraft:oak_fence":3,"minecraft:torch":11,"minecraft:porkchop":9,"minecraft:golden_axe":1,"minecraft:diorite":9,"minecraft:carrot":4,"minecraft:redstone":3,"minecraft:arrow":10,"minecraft:rotten_flesh":7,"minecraft:beetroot_seeds":36,"minecraft:golden_hoe":2,"minecraft:cobblestone":867,"minecraft:birch_log":56,"minecraft:andesite":26,"minecraft:leather":4,"minecraft:potato":110,"minecraft:birch_planks":93,"minecraft:oak_log":84,"minecraft:cobblestone_stairs":1,"minecraft:yellow_bed":7,"minecraft:gunpowder":4,"minecraft:dirt":287,"minecraft:bone":9,"minecraft:apple":145,"minecraft:bow":1,"minecraft:wheat_seeds":82,"minecraft:iron_ingot":1,"minecraft:moss_block":1,"minecraft:oak_planks":2,"minecraft:stone_hoe":1,"minecraft:smooth_basalt":1,"minecraft:pumpkin":2,"minecraft:sweet_berries":2,"minecraft:dandelion":5,"minecraft:sand":13,"minecraft:amethyst_shard":4,"justhammers:stone_hammer":2,"minecraft:blast_furnace":5,"minecraft:spruce_log":6,"minecraft:spider_eye":3,"minecraft:pumpkin_seeds":8,"minecraft:stone_axe":1,"minecraft:granite":39,"minecraft:emerald":2,"minecraft:oak_sapling":32,"minecraft:coal":59},"minecraft:broken":{"minecraft:golden_hoe":1,"minecraft:golden_shovel":1,"minecraft:stone_pickaxe":1,"minecraft:golden_sword":1,"minecraft:golden_axe":1,"minecraft:stone_axe":2,"minecraft:golden_pickaxe":1,"minecraft:stone_shovel":1},"minecraft:custom":{"minecraft:mob_kills":40,"minecraft:interact_with_crafting_table":47,"minecraft:leave_game":3,"minecraft:time_since_death":183650,"minecraft:climb_one_cm":490,"minecraft:sprint_one_cm":488052,"minecraft:walk_one_cm":449485,"minecraft:drop":30,"minecraft:talked_to_villager":3,"minecraft:play_time":183650,"minecraft:sneak_time":5449,"minecraft:walk_under_water_one_cm":1868,"minecraft:jump":4308,"minecraft:interact_with_blast_furnace":26,"minecraft:walk_on_water_one_cm":13464,"minecraft:total_world_time":183650,"minecraft:interact_with_furnace":30,"minecraft:sleep_in_bed":13,"minecraft:time_since_rest":25690,"minecraft:damage_taken":1909,"minecraft:damage_dealt":5039,"minecraft:swim_one_cm":37617,"minecraft:fly_one_cm":986085,"minecraft:open_chest":100,"minecraft:crouch_one_cm":16990,"minecraft:fall_one_cm":101660,"minecraft:horse_one_cm":41},"minecraft:dropped":{"minecraft:stone_hoe":1,"minecraft:wheat_seeds":4,"minecraft:wooden_axe":1,"minecraft:gold_nugget":1,"justhammers:stone_hammer":2,"minecraft:potato":23,"minecraft:wooden_pickaxe":1},"minecraft:killed":{"minecraft:spider":5,"minecraft:skeleton":5,"minecraft:chicken":2,"minecraft:skeleton_horse":3,"minecraft:pig":4,"minecraft:zombie_villager":2,"minecraft:creeper":3,"minecraft:zombie":6,"minecraft:cow":3},"minecraft:used":{"minecraft:oak_trapdoor":2,"minecraft:moss_block":1,"minecraft:oak_fence":1,"minecraft:stone_shovel":194,"minecraft:chest":17,"minecraft:stone":1,"minecraft:stone_hoe":40,"minecraft:torch":22,"minecraft:dirt":234,"minecraft:carrot":3,"minecraft:golden_shovel":34,"minecraft:granite":32,"minecraft:glass":2,"minecraft:wooden_axe":7,"wheelbarrow:copper_wheelbarrow":3,"minecraft:birch_sapling":16,"minecraft:golden_sword":78,"minecraft:furnace":7,"minecraft:oak_sapling":30,"minecraft:cooked_beef":5,"minecraft:potato":82,"minecraft:golden_axe":33,"minecraft:wheat_seeds":4,"minecraft:water_bucket":4,"minecraft:diorite":5,"minecraft:birch_planks":258,"minecraft:stone_pickaxe":77,"minecraft:wooden_pickaxe":1,"minecraft:composter":2,"minecraft:golden_hoe":29,"minecraft:crafting_table":14,"minecraft:red_bed":6,"minecraft:blast_furnace":5,"minecraft:apple":28,"minecraft:bread":19,"minecraft:iron_pickaxe":169,"justhammers:stone_hammer":650,"minecraft:stone_axe":309,"minecraft:cobblestone":86,"minecraft:cooked_porkchop":9,"minecraft:bucket":4,"minecraft:andesite":11,"minecraft:yellow_bed":7,"minecraft:coarse_dirt":1,"minecraft:bone_meal":12,"minecraft:golden_pickaxe":32},"minecraft:crafted":{"minecraft:oak_planks":300,"minecraft:stone_shovel":2,"wheelbarrow:copper_wheelbarrow":1,"minecraft:spruce_button":12,"minecraft:furnace":8,"minecraft:stone":44,"minecraft:bone_meal":30,"minecraft:oak_trapdoor":2,"minecraft:glass":13,"minecraft:stone_pickaxe":1,"minecraft:chest":16,"minecraft:stone_hoe":1,"minecraft:cooked_beef":5,"minecraft:cooked_porkchop":9,"minecraft:crafting_table":18,"minecraft:spruce_planks":20,"minecraft:wooden_pickaxe":1,"minecraft:copper_ingot":24,"minecraft:bucket":1,"minecraft:birch_planks":168,"minecraft:stone_axe":3,"minecraft:air":0,"justhammers:stone_hammer":10,"minecraft:stick":48,"minecraft:iron_ingot":6,"minecraft:iron_pickaxe":1,"minecraft:wooden_axe":1,"minecraft:torch":12}},"DataVersion":3953}