{"stats":{"minecraft:mined":{"minecraft:spruce_planks":65,"minecraft:white_bed":5,"minecraft:oak_sapling":9,"minecraft:cherry_log":67,"minecraft:granite":39,"minecraft:grass_block":344,"minecraft:stone_brick_wall":5,"minecraft:composter":2,"minecraft:spawner":5,"minecraft:iron_ore":3,"minecraft:cobbled_deepslate":1,"minecraft:fire":4,"minecraft:pumpkin":2,"minecraft:deepslate_lapis_ore":1,"minecraft:dirt_path":6,"minecraft:brown_mushroom":3,"sulfurpotassiummod:sulfur_ore":6,"minecraft:red_bed":12,"minecraft:amethyst_cluster":1,"minecraft:torch":22,"minecraft:blast_furnace":8,"minecraft:calcite":2,"minecraft:chest":1,"minecraft:glass":3,"minecraft:cobblestone":13,"minecraft:slime_block":1,"minecraft:sugar_cane":39,"minecraft:oak_planks":2,"minecraft:wall_torch":10,"minecraft:amethyst_block":5,"minecraft:birch_sapling":2,"minecraft:pink_petals":27,"minecraft:birch_log":180,"minecraft:wheat":1,"minecraft:lilac":10,"minecraft:stone_brick_stairs":16,"minecraft:oak_log":281,"minecraft:beetroots":47,"minecraft:sand":687,"minecraft:dirt":151,"minecraft:smooth_basalt":1,"minecraft:stonecutter":1,"minecraft:oak_leaves":248,"minecraft:deepslate":258,"minecraft:tuff":37,"minecraft:cherry_sapling":8,"minecraft:spruce_fence":16,"minecraft:decorated_pot":3,"minecraft:cherry_wood":13,"minecraft:spruce_leaves":49,"minecraft:large_fern":5,"minecraft:spruce_sapling":10,"minecraft:furnace":1,"minecraft:carrots":21,"minecraft:andesite":51,"minecraft:peony":7,"minecraft:potatoes":152,"travelersbackpack:yellow_sleeping_bag":4,"sulfurpotassiummod:potassium_ore":8,"minecraft:stone":290,"minecraft:podzol":1,"minecraft:glass_pane":27,"minecraft:lily_of_the_valley":1,"minecraft:dandelion":5,"minecraft:oak_fence":6,"minecraft:crafting_table":2,"minecraft:short_grass":387,"minecraft:rose_bush":11,"minecraft:campfire":1,"minecraft:tall_grass":55,"minecraft:copper_ore":1,"minecraft:lapis_ore":3,"minecraft:diorite":9,"minecraft:birch_planks":292,"minecraft:coarse_dirt":2,"minecraft:sweet_berry_bush":1,"minecraft:spruce_log":828,"minecraft:birch_leaves":4,"minecraft:yellow_bed":7,"minecraft:bee_nest":1,"minecraft:coal_ore":5,"minecraft:cherry_leaves":175,"minecraft:gravel":67,"minecraft:cobweb":1,"minecraft:stone_bricks":11,"minecraft:fern":3},"minecraft:picked_up":{"sulfurpotassiummod:sulfur":6,"minecraft:lead":7,"minecraft:potion":2,"minecraft:enchanted_book":1,"minecraft:golden_shovel":1,"minecraft:stone_brick_stairs":13,"minecraft:golden_sword":2,"minecraft:amethyst_block":5,"minecraft:string":19,"minecraft:raw_copper":55,"minecraft:armor_stand":1,"minecraft:beetroot":19,"minecraft:gold_nugget":10,"minecraft:cobbled_deepslate":259,"minecraft:spruce_planks":65,"minecraft:trial_key":1,"minecraft:rose_bush":9,"minecraft:calcite":2,"minecraft:furnace":1,"minecraft:tipped_arrow":9,"minecraft:stick":225,"travelersbackpack:yellow_sleeping_bag":4,"sulfurpotassiummod:raw_potassium":8,"minecraft:composter":2,"minecraft:oak_fence":6,"minecraft:torch":42,"minecraft:porkchop":9,"minecraft:golden_axe":1,"minecraft:cherry_log":67,"minecraft:diorite":9,"minecraft:rotten_flesh":17,"minecraft:cobblestone":1687,"minecraft:birch_log":180,"minecraft:pink_petals":73,"minecraft:feather":5,"minecraft:lilac":9,"minecraft:cherry_leaves":111,"minecraft:andesite":86,"minecraft:potato":451,"minecraft:flint":3,"minecraft:tuff":36,"minecraft:lapis_lazuli":110,"minecraft:dirt":561,"minecraft:bone":20,"minecraft:stonecutter":1,"minecraft:bow":2,"minecraft:wheat_seeds":99,"minecraft:moss_block":1,"minecraft:stone_hoe":1,"minecraft:oak_planks":2,"minecraft:honeycomb":9,"minecraft:sand":704,"minecraft:lily_of_the_valley":1,"minecraft:diamond":1,"minecraft:slime_block":1,"minecraft:cherry_wood":13,"minecraft:granite":39,"minecraft:golden_apple":2,"minecraft:bread":3,"minecraft:emerald":6,"minecraft:oak_sapling":118,"minecraft:oak_leaves":205,"minecraft:diamond_pickaxe":1,"wheelbarrow:copper_wheelbarrow":2,"minecraft:charcoal":2,"minecraft:crafting_table":2,"minecraft:coarse_dirt":2,"minecraft:firework_star":15,"minecraft:ominous_bottle":1,"minecraft:chicken":6,"minecraft:golden_pickaxe":2,"minecraft:brown_mushroom":3,"minecraft:stone_brick_wall":5,"minecraft:brick":4,"minecraft:wind_charge":9,"minecraft:cornflower":1,"minecraft:red_bed":12,"minecraft:iron_axe":3,"minecraft:flint_and_steel":1,"minecraft:compass":1,"minecraft:beef":15,"minecraft:player_head":1,"minecraft:iron_nugget":2,"minecraft:poppy":2,"minecraft:sugar_cane":92,"minecraft:chest":1,"minecraft:birch_sapling":50,"minecraft:spruce_trapdoor":2,"minecraft:egg":3,"minecraft:raw_iron":10,"minecraft:copper_ingot":20,"minecraft:spruce_fence":15,"minecraft:carrot":80,"minecraft:redstone":5,"minecraft:tnt":16,"minecraft:arrow":52,"minecraft:beetroot_seeds":53,"minecraft:peony":7,"minecraft:golden_hoe":2,"minecraft:gold_ingot":7,"minecraft:glow_berries":4,"minecraft:mutton":2,"minecraft:white_wool":11,"minecraft:oxeye_daisy":3,"minecraft:leather":7,"minecraft:birch_planks":295,"minecraft:oak_log":278,"minecraft:yellow_bed":7,"minecraft:gunpowder":4,"minecraft:cobblestone_stairs":1,"minecraft:apple":502,"minecraft:stone_bricks":11,"minecraft:iron_ingot":4,"minecraft:smooth_basalt":1,"minecraft:pumpkin":2,"minecraft:sweet_berries":10,"minecraft:dandelion":14,"minecraft:torchflower_seeds":1,"minecraft:gravel":64,"minecraft:amethyst_shard":4,"justhammers:stone_hammer":2,"minecraft:spruce_sapling":85,"minecraft:blast_furnace":8,"minecraft:white_bed":5,"minecraft:spruce_log":798,"minecraft:spider_eye":3,"minecraft:pumpkin_seeds":8,"minecraft:slime_ball":13,"minecraft:stone_axe":1,"minecraft:cherry_sapling":52,"minecraft:baked_potato":6,"minecraft:coal":100,"minecraft:ender_pearl":2},"minecraft:broken":{"minecraft:golden_shovel":1,"minecraft:stone_pickaxe":1,"minecraft:golden_sword":1,"minecraft:stone_axe":2,"minecraft:stone_shovel":1,"minecraft:golden_hoe":1,"minecraft:golden_axe":1,"minecraft:iron_axe":3,"minecraft:iron_pickaxe":2,"minecraft:golden_pickaxe":1},"minecraft:killed_by":{"minecraft:piglin_brute":1},"minecraft:custom":{"minecraft:interact_with_crafting_table":122,"minecraft:leave_game":8,"minecraft:time_since_death":121500,"minecraft:sprint_one_cm":1503212,"minecraft:drop":53,"minecraft:talked_to_villager":14,"minecraft:play_time":556282,"minecraft:deaths":1,"minecraft:jump":12610,"minecraft:walk_on_water_one_cm":53631,"minecraft:interact_with_furnace":223,"minecraft:sleep_in_bed":41,"minecraft:damage_dealt":10579,"minecraft:crouch_one_cm":71463,"minecraft:horse_one_cm":41,"minecraft:mob_kills":84,"minecraft:interact_with_anvil":2,"minecraft:climb_one_cm":490,"minecraft:walk_one_cm":1335141,"minecraft:sneak_time":20677,"minecraft:walk_under_water_one_cm":16244,"minecraft:boat_one_cm":22901,"minecraft:interact_with_blast_furnace":31,"minecraft:total_world_time":556282,"minecraft:interact_with_stonecutter":18,"minecraft:time_since_rest":5691,"minecraft:damage_taken":4653,"minecraft:damage_absorbed":606,"minecraft:swim_one_cm":110401,"minecraft:fly_one_cm":2828868,"minecraft:open_chest":407,"minecraft:fall_one_cm":311996},"minecraft:dropped":{"minecraft:glass_bottle":1,"minecraft:gold_nugget":1,"minecraft:stone_axe":1,"minecraft:compass":1,"minecraft:rotten_flesh":11,"minecraft:carrot":3,"justhammers:stone_hammer":2,"minecraft:tipped_arrow":7,"minecraft:arrow":42,"minecraft:egg":1,"minecraft:stone_hoe":2,"minecraft:wheat_seeds":4,"minecraft:copper_ingot":8,"minecraft:stick":28,"minecraft:wooden_axe":1,"minecraft:iron_axe":2,"minecraft:string":8,"minecraft:cherry_wood":8,"minecraft:potato":23,"minecraft:spruce_trapdoor":1,"minecraft:golden_sword":1,"minecraft:wooden_pickaxe":1},"minecraft:killed":{"minecraft:zombified_piglin":6,"minecraft:spider":13,"minecraft:skeleton":8,"minecraft:chicken":6,"minecraft:skeleton_horse":3,"minecraft:pig":4,"minecraft:zombie_villager":2,"minecraft:creeper":3,"minecraft:sheep":1,"minecraft:zombie":10,"minecraft:stray":2,"minecraft:cow":6,"minecraft:slime":13},"minecraft:used":{"minecraft:peony":3,"minecraft:moss_block":1,"minecraft:cherry_sapling":51,"minecraft:iron_shovel":902,"minecraft:spruce_slab":6,"minecraft:chest":19,"minecraft:iron_sword":103,"minecraft:stone":329,"minecraft:firework_star":2,"minecraft:carrot":77,"minecraft:beehive":1,"minecraft:glass":127,"minecraft:birch_sapling":47,"minecraft:cherry_leaves":111,"minecraft:stone_brick_stairs":75,"minecraft:stone_bricks":459,"minecraft:golden_sword":78,"minecraft:sweet_berries":3,"minecraft:furnace":10,"minecraft:oak_sapling":75,"minecraft:potato":221,"minecraft:diorite":5,"minecraft:stone_pickaxe":77,"minecraft:oak_planks":17,"minecraft:wooden_pickaxe":1,"minecraft:composter":2,"minecraft:sugar_cane":17,"minecraft:oak_leaves":134,"minecraft:glow_berries":2,"minecraft:golden_hoe":41,"minecraft:blast_furnace":8,"minecraft:stone_brick_wall":163,"minecraft:shears":333,"minecraft:bread":22,"minecraft:lectern":1,"minecraft:gravel":22,"minecraft:lilac":2,"globalxp:xp_block":1,"minecraft:andesite":11,"minecraft:coarse_dirt":1,"minecraft:oak_fence":5,"minecraft:bone_meal":48,"minecraft:golden_pickaxe":32,"minecraft:cherry_boat":1,"minecraft:oak_trapdoor":2,"minecraft:rose_bush":1,"minecraft:stone_shovel":219,"minecraft:spruce_planks":558,"minecraft:stone_hoe":40,"minecraft:torch":91,"minecraft:dirt":489,"minecraft:anvil":1,"minecraft:golden_shovel":34,"minecraft:spruce_fence":136,"minecraft:granite":32,"minecraft:iron_hoe":111,"minecraft:stone_brick_slab":56,"minecraft:wooden_axe":7,"wheelbarrow:copper_wheelbarrow":3,"minecraft:iron_axe":1717,"minecraft:cooked_beef":5,"minecraft:cobbled_deepslate":7,"minecraft:cherry_log":14,"minecraft:golden_axe":33,"minecraft:wheat_seeds":4,"minecraft:water_bucket":28,"minecraft:birch_planks":417,"minecraft:baked_potato":92,"minecraft:fletching_table":1,"minecraft:stonecutter":2,"minecraft:crafting_table":19,"minecraft:red_bed":12,"minecraft:white_bed":6,"minecraft:spruce_log":42,"justhammers:iron_hammer":87,"minecraft:apple":51,"minecraft:cherry_door":1,"minecraft:wind_charge":1,"minecraft:iron_pickaxe":685,"minecraft:spruce_sapling":85,"justhammers:stone_hammer":650,"minecraft:stone_axe":338,"minecraft:pink_petals":73,"minecraft:cobblestone":92,"minecraft:potion":2,"minecraft:cooked_porkchop":9,"minecraft:bucket":30,"minecraft:glass_pane":341,"minecraft:yellow_bed":7,"travelersbackpack:yellow_sleeping_bag":4},"minecraft:crafted":{"minecraft:yellow_wool":2,"minecraft:oak_planks":316,"travelersbackpack:iron":1,"globalxp:xp_block":1,"wheelbarrow:copper_wheelbarrow":1,"travelersbackpack:yellow_sleeping_bag":1,"minecraft:cherry_boat":1,"minecraft:stone":1160,"minecraft:bookshelf":1,"minecraft:iron_bars":16,"minecraft:glass":334,"minecraft:iron_boots":2,"minecraft:chest":19,"minecraft:stone_hoe":1,"minecraft:glass_bottle":6,"minecraft:cooked_porkchop":9,"minecraft:crafting_table":23,"minecraft:spruce_planks":916,"travelersbackpack:standard":1,"minecraft:baked_potato":153,"minecraft:wooden_pickaxe":1,"minecraft:iron_helmet":2,"minecraft:copper_ingot":24,"minecraft:fletching_table":1,"minecraft:birch_planks":656,"minecraft:lectern":1,"minecraft:book":3,"minecraft:iron_chestplate":2,"minecraft:paper":9,"minecraft:yellow_dye":2,"minecraft:shield":1,"minecraft:stick":120,"minecraft:iron_ingot":9,"minecraft:compass":1,"minecraft:iron_pickaxe":4,"minecraft:iron_block":60,"minecraft:shears":2,"minecraft:cherry_planks":24,"minecraft:stone_shovel":2,"minecraft:beehive":1,"minecraft:spruce_button":12,"minecraft:furnace":9,"minecraft:bone_meal":60,"minecraft:spruce_fence":141,"minecraft:oak_trapdoor":2,"minecraft:glass_pane":384,"minecraft:iron_axe":8,"minecraft:iron_hoe":1,"minecraft:spruce_slab":12,"minecraft:stone_pickaxe":1,"minecraft:cooked_beef":5,"travelersbackpack:backpack_tank":2,"minecraft:iron_sword":1,"minecraft:bucket":1,"minecraft:stone_axe":3,"minecraft:air":0,"justhammers:iron_hammer":1,"justhammers:stone_hammer":10,"minecraft:wooden_axe":1,"minecraft:iron_shovel":6,"minecraft:cherry_door":3,"minecraft:iron_leggings":2,"minecraft:stonecutter":1,"minecraft:anvil":1,"minecraft:white_bed":2,"minecraft:torch":52}},"DataVersion":3953}