{"stats":{"minecraft:custom":{"minecraft:jump":144,"minecraft:open_chest":5,"minecraft:time_since_rest":4955,"minecraft:damage_taken":80,"minecraft:sprint_one_cm":26599,"minecraft:play_time":4955,"minecraft:walk_on_water_one_cm":1218,"minecraft:time_since_death":4955,"minecraft:walk_one_cm":9173,"minecraft:sneak_time":5,"minecraft:climb_one_cm":490,"minecraft:total_world_time":4955,"minecraft:walk_under_water_one_cm":35,"minecraft:swim_one_cm":9726,"minecraft:fall_one_cm":3866,"minecraft:fly_one_cm":31376},"minecraft:mined":{"minecraft:oak_log":2,"minecraft:yellow_bed":1},"minecraft:picked_up":{"minecraft:oak_log":2,"minecraft:yellow_bed":1,"minecraft:moss_block":1},"minecraft:used":{"minecraft:moss_block":1,"minecraft:bread":2}},"DataVersion":3953}