{"stats":{"minecraft:dropped":{"minecraft:stone_hoe":2,"minecraft:wheat_seeds":4,"minecraft:copper_ingot":8,"minecraft:wooden_axe":1,"minecraft:gold_nugget":1,"minecraft:iron_axe":1,"minecraft:stone_axe":1,"minecraft:rotten_flesh":1,"justhammers:stone_hammer":2,"minecraft:potato":23,"minecraft:spruce_trapdoor":1,"minecraft:wooden_pickaxe":1},"minecraft:killed":{"minecraft:spider":6,"minecraft:skeleton":6,"minecraft:chicken":2,"minecraft:skeleton_horse":3,"minecraft:pig":4,"minecraft:zombie_villager":2,"minecraft:creeper":3,"minecraft:sheep":1,"minecraft:zombie":9,"minecraft:stray":1,"minecraft:cow":6},"minecraft:custom":{"minecraft:mob_kills":50,"minecraft:interact_with_crafting_table":65,"minecraft:leave_game":4,"minecraft:time_since_death":252265,"minecraft:climb_one_cm":490,"minecraft:sprint_one_cm":687216,"minecraft:walk_one_cm":624958,"minecraft:drop":36,"minecraft:talked_to_villager":4,"minecraft:play_time":252265,"minecraft:sneak_time":7308,"minecraft:walk_under_water_one_cm":1901,"minecraft:jump":5793,"minecraft:interact_with_blast_furnace":31,"minecraft:walk_on_water_one_cm":18588,"minecraft:total_world_time":252265,"minecraft:interact_with_furnace":125,"minecraft:interact_with_stonecutter":8,"minecraft:sleep_in_bed":18,"minecraft:time_since_rest":11233,"minecraft:damage_taken":2460,"minecraft:damage_dealt":6489,"minecraft:swim_one_cm":38649,"minecraft:fly_one_cm":1305356,"minecraft:open_chest":167,"minecraft:crouch_one_cm":27281,"minecraft:fall_one_cm":141100,"minecraft:horse_one_cm":41},"minecraft:crafted":{"minecraft:oak_planks":300,"minecraft:stone_shovel":2,"wheelbarrow:copper_wheelbarrow":1,"minecraft:spruce_button":12,"minecraft:furnace":9,"minecraft:stone":621,"minecraft:bone_meal":30,"minecraft:oak_trapdoor":2,"minecraft:glass":13,"minecraft:iron_boots":1,"minecraft:iron_axe":3,"minecraft:stone_pickaxe":1,"minecraft:chest":16,"minecraft:stone_hoe":1,"minecraft:cooked_beef":5,"minecraft:cooked_porkchop":9,"minecraft:crafting_table":18,"minecraft:spruce_planks":20,"minecraft:iron_helmet":1,"minecraft:wooden_pickaxe":1,"minecraft:baked_potato":48,"minecraft:copper_ingot":24,"minecraft:birch_planks":540,"minecraft:bucket":1,"minecraft:stone_axe":3,"minecraft:air":0,"justhammers:iron_hammer":1,"minecraft:iron_chestplate":1,"justhammers:stone_hammer":10,"minecraft:stick":48,"minecraft:iron_ingot":9,"minecraft:iron_pickaxe":2,"minecraft:wooden_axe":1,"minecraft:iron_shovel":4,"minecraft:iron_leggings":1,"minecraft:stonecutter":1,"minecraft:torch":12},"minecraft:mined":{"minecraft:oak_sapling":1,"minecraft:granite":39,"minecraft:grass_block":177,"minecraft:decorated_pot":1,"minecraft:spruce_leaves":24,"minecraft:composter":2,"minecraft:spawner":2,"minecraft:large_fern":5,"minecraft:spruce_sapling":1,"minecraft:carrots":2,"minecraft:furnace":1,"minecraft:iron_ore":3,"minecraft:andesite":26,"minecraft:pumpkin":2,"minecraft:potatoes":70,"minecraft:dirt_path":6,"minecraft:stone":175,"minecraft:podzol":1,"minecraft:brown_mushroom":3,"minecraft:glass_pane":2,"minecraft:red_bed":7,"minecraft:amethyst_cluster":1,"minecraft:dandelion":4,"minecraft:oak_fence":3,"minecraft:crafting_table":2,"minecraft:torch":4,"minecraft:short_grass":254,"minecraft:blast_furnace":8,"minecraft:calcite":2,"minecraft:chest":1,"minecraft:campfire":1,"minecraft:glass":2,"minecraft:tall_grass":35,"minecraft:copper_ore":1,"minecraft:cobblestone":4,"minecraft:sugar_cane":6,"minecraft:oak_planks":2,"minecraft:diorite":9,"minecraft:wall_torch":4,"minecraft:amethyst_block":5,"minecraft:birch_planks":94,"minecraft:coarse_dirt":2,"minecraft:birch_log":180,"minecraft:wheat":1,"minecraft:spruce_log":248,"minecraft:birch_leaves":4,"minecraft:yellow_bed":7,"minecraft:oak_log":194,"minecraft:coal_ore":3,"minecraft:beetroots":20,"minecraft:sand":324,"minecraft:dirt":129,"minecraft:cobweb":1,"minecraft:smooth_basalt":1,"minecraft:stone_bricks":7,"minecraft:oak_leaves":11,"minecraft:fern":3},"minecraft:used":{"minecraft:oak_fence":1,"minecraft:oak_trapdoor":2,"minecraft:moss_block":1,"minecraft:iron_shovel":314,"minecraft:stone_shovel":219,"minecraft:chest":17,"minecraft:stone":223,"minecraft:firework_star":1,"minecraft:stone_hoe":40,"minecraft:torch":23,"minecraft:dirt":318,"minecraft:carrot":3,"minecraft:golden_shovel":34,"minecraft:granite":32,"minecraft:glass":2,"minecraft:wooden_axe":7,"wheelbarrow:copper_wheelbarrow":3,"minecraft:iron_axe":528,"minecraft:birch_sapling":45,"minecraft:stone_bricks":241,"minecraft:golden_sword":78,"minecraft:oak_sapling":64,"minecraft:furnace":10,"minecraft:potato":98,"minecraft:cooked_beef":5,"minecraft:golden_axe":33,"minecraft:wheat_seeds":4,"minecraft:water_bucket":4,"minecraft:diorite":5,"minecraft:birch_planks":417,"minecraft:baked_potato":8,"minecraft:stone_pickaxe":77,"minecraft:oak_planks":1,"minecraft:wooden_pickaxe":1,"minecraft:composter":2,"minecraft:stonecutter":1,"minecraft:golden_hoe":41,"minecraft:crafting_table":14,"minecraft:blast_furnace":8,"minecraft:red_bed":7,"minecraft:stone_brick_wall":24,"justhammers:iron_hammer":52,"minecraft:apple":51,"minecraft:bread":19,"minecraft:iron_pickaxe":189,"minecraft:spruce_sapling":8,"justhammers:stone_hammer":650,"minecraft:stone_axe":338,"minecraft:cobblestone":86,"minecraft:cooked_porkchop":9,"minecraft:andesite":11,"minecraft:bucket":4,"minecraft:yellow_bed":7,"minecraft:coarse_dirt":1,"minecraft:golden_pickaxe":32,"minecraft:bone_meal":12},"minecraft:picked_up":{"wheelbarrow:copper_wheelbarrow":2,"minecraft:charcoal":2,"minecraft:crafting_table":2,"minecraft:coarse_dirt":2,"minecraft:firework_star":12,"minecraft:chicken":2,"minecraft:golden_pickaxe":1,"minecraft:brown_mushroom":3,"minecraft:golden_shovel":1,"minecraft:brick":4,"minecraft:golden_sword":1,"minecraft:amethyst_block":5,"minecraft:string":11,"minecraft:red_bed":7,"minecraft:raw_copper":55,"minecraft:iron_axe":1,"minecraft:beetroot":19,"minecraft:gold_nugget":3,"minecraft:beef":15,"minecraft:calcite":2,"minecraft:iron_nugget":1,"minecraft:sugar_cane":27,"minecraft:chest":1,"minecraft:birch_sapling":48,"minecraft:spruce_trapdoor":2,"minecraft:furnace":1,"minecraft:tipped_arrow":1,"minecraft:stick":114,"minecraft:raw_iron":10,"minecraft:composter":2,"minecraft:copper_ingot":20,"minecraft:oak_fence":3,"minecraft:torch":11,"minecraft:porkchop":9,"minecraft:golden_axe":1,"minecraft:diorite":9,"minecraft:carrot":16,"minecraft:redstone":3,"minecraft:arrow":10,"minecraft:rotten_flesh":7,"minecraft:beetroot_seeds":36,"minecraft:golden_hoe":2,"minecraft:mutton":2,"minecraft:white_wool":1,"minecraft:cobblestone":1267,"minecraft:birch_log":180,"minecraft:andesite":49,"minecraft:leather":7,"minecraft:potato":184,"minecraft:birch_planks":97,"minecraft:oak_log":191,"minecraft:yellow_bed":7,"minecraft:gunpowder":4,"minecraft:cobblestone_stairs":1,"minecraft:dirt":353,"minecraft:bone":12,"minecraft:apple":337,"minecraft:stone_bricks":7,"minecraft:bow":1,"minecraft:wheat_seeds":82,"minecraft:iron_ingot":3,"minecraft:moss_block":1,"minecraft:stone_hoe":1,"minecraft:oak_planks":2,"minecraft:smooth_basalt":1,"minecraft:pumpkin":2,"minecraft:sweet_berries":7,"minecraft:dandelion":5,"minecraft:sand":312,"minecraft:amethyst_shard":4,"justhammers:stone_hammer":2,"minecraft:spruce_sapling":8,"minecraft:blast_furnace":8,"minecraft:spruce_log":220,"minecraft:spider_eye":3,"minecraft:pumpkin_seeds":8,"minecraft:stone_axe":1,"minecraft:granite":39,"minecraft:emerald":2,"minecraft:baked_potato":3,"minecraft:oak_sapling":76,"minecraft:coal":64},"minecraft:broken":{"minecraft:golden_hoe":1,"minecraft:golden_shovel":1,"minecraft:stone_pickaxe":1,"minecraft:golden_sword":1,"minecraft:golden_axe":1,"minecraft:iron_axe":2,"minecraft:stone_axe":2,"minecraft:golden_pickaxe":1,"minecraft:stone_shovel":1}},"DataVersion":3953}