{"stats":{"minecraft:mined":{"minecraft:white_bed":6,"minecraft:granite":2,"minecraft:grass_block":346,"minecraft:cherry_wood":7,"minecraft:spruce_leaves":8,"minecraft:spawner":2,"minecraft:magma_block":6,"minecraft:furnace":2,"minecraft:iron_ore":8,"minecraft:fire":12,"minecraft:andesite":8,"minecraft:pumpkin":5,"travelersbackpack:yellow_sleeping_bag":3,"minecraft:lantern":2,"minecraft:stone":299,"minecraft:brown_mushroom":7,"minecraft:glass_pane":1,"minecraft:smoker":1,"minecraft:amethyst_cluster":1,"minecraft:dandelion":2,"minecraft:oak_fence":1,"minecraft:crafting_table":7,"minecraft:cornflower":1,"minecraft:short_grass":41,"minecraft:poppy":2,"minecraft:chest":5,"minecraft:tall_grass":9,"minecraft:copper_ore":4,"minecraft:cobblestone":13,"minecraft:wall_torch":1,"minecraft:spruce_log":21,"minecraft:birch_leaves":1,"minecraft:oak_log":32,"minecraft:coal_ore":20,"minecraft:sand":27,"minecraft:dirt":129,"minecraft:netherrack":6,"minecraft:oak_leaves":9},"minecraft:picked_up":{"minecraft:crafting_table":7,"minecraft:azure_bluet":1,"minecraft:purple_wool":2,"minecraft:yellow_wool":2,"minecraft:brown_mushroom":7,"minecraft:pink_wool":2,"minecraft:brick":2,"minecraft:cornflower":1,"minecraft:string":7,"minecraft:raw_copper":105,"minecraft:magenta_wool":2,"minecraft:gold_nugget":1,"minecraft:beef":11,"minecraft:cyan_wool":2,"minecraft:poppy":2,"minecraft:light_gray_wool":2,"minecraft:minecart":1,"minecraft:chest":5,"minecraft:furnace":2,"minecraft:egg":1,"minecraft:blue_wool":2,"minecraft:tipped_arrow":1,"minecraft:lime_wool":2,"minecraft:stick":7,"minecraft:raw_iron":29,"travelersbackpack:yellow_sleeping_bag":3,"minecraft:oak_fence":1,"minecraft:torch":1,"minecraft:diorite":2,"minecraft:carrot":6,"minecraft:redstone":14,"minecraft:arrow":7,"minecraft:rotten_flesh":6,"minecraft:light_blue_wool":2,"minecraft:green_wool":2,"minecraft:gold_ingot":1,"minecraft:glow_berries":2,"minecraft:mutton":132,"minecraft:cobblestone":1241,"minecraft:white_wool":23,"minecraft:magma_block":6,"minecraft:andesite":12,"minecraft:brown_wool":2,"minecraft:leather":5,"minecraft:smoker":1,"minecraft:potato":1,"minecraft:flint":1,"minecraft:oak_log":32,"minecraft:gunpowder":4,"minecraft:lapis_lazuli":1,"minecraft:dirt":469,"minecraft:lantern":2,"minecraft:name_tag":1,"minecraft:cooked_mutton":1,"minecraft:bone":1,"minecraft:apple":67,"minecraft:bow":1,"minecraft:wheat_seeds":40,"minecraft:iron_ingot":5,"minecraft:moss_block":1,"minecraft:pumpkin":5,"minecraft:sweet_berries":19,"minecraft:red_wool":2,"minecraft:dandelion":4,"minecraft:torchflower_seeds":1,"minecraft:sand":27,"minecraft:amethyst_shard":2,"minecraft:spruce_sapling":2,"minecraft:white_bed":6,"minecraft:spruce_log":18,"minecraft:spider_eye":3,"minecraft:orange_wool":2,"minecraft:diamond":2,"minecraft:cherry_wood":5,"minecraft:granite":205,"minecraft:gray_wool":2,"minecraft:oak_sapling":16,"minecraft:netherrack":6,"minecraft:black_wool":2,"minecraft:coal":393},"minecraft:broken":{"minecraft:wooden_pickaxe":1,"minecraft:stone_pickaxe":2,"minecraft:stone_axe":2,"minecraft:wooden_axe":1,"minecraft:stone_shovel":3},"minecraft:custom":{"minecraft:mob_kills":64,"minecraft:interact_with_crafting_table":74,"minecraft:leave_game":3,"minecraft:time_since_death":216135,"minecraft:climb_one_cm":1078,"minecraft:sprint_one_cm":658888,"minecraft:walk_one_cm":647929,"minecraft:damage_blocked_by_shield":345,"minecraft:drop":68,"minecraft:talked_to_villager":1,"minecraft:play_time":216135,"minecraft:sneak_time":3862,"minecraft:walk_under_water_one_cm":6554,"minecraft:jump":3293,"minecraft:walk_on_water_one_cm":31168,"minecraft:total_world_time":216135,"minecraft:interact_with_furnace":52,"minecraft:sleep_in_bed":19,"minecraft:time_since_rest":1479,"minecraft:damage_absorbed":332,"minecraft:damage_taken":1161,"minecraft:damage_dealt":9517,"minecraft:swim_one_cm":78504,"minecraft:fly_one_cm":673831,"minecraft:open_chest":81,"minecraft:crouch_one_cm":7584,"minecraft:interact_with_smoker":11,"minecraft:fall_one_cm":60399,"minecraft:inspect_dispenser":2},"minecraft:dropped":{"minecraft:cobblestone":23,"minecraft:granite":4,"minecraft:dirt":18,"minecraft:diorite":2,"minecraft:potato":64},"minecraft:killed":{"minecraft:witch":2,"minecraft:spider":6,"minecraft:skeleton":5,"minecraft:zombie_villager":3,"minecraft:creeper":2,"minecraft:sheep":20,"minecraft:zombie":5,"minecraft:stray":2,"minecraft:wither_skeleton":1,"minecraft:villager":4,"minecraft:enderman":3,"minecraft:cow":5},"minecraft:used":{"minecraft:oak_trapdoor":1,"minecraft:iron_shovel":86,"minecraft:stone_shovel":657,"minecraft:dispenser":1,"minecraft:chest":7,"minecraft:shield":13,"minecraft:netherrack":5,"minecraft:torch":27,"minecraft:dirt":416,"minecraft:glass":1,"minecraft:wooden_axe":50,"minecraft:oak_sapling":15,"minecraft:furnace":3,"minecraft:cooked_mutton":32,"minecraft:water_bucket":2,"minecraft:powered_rail":2,"minecraft:stone_pickaxe":359,"minecraft:wooden_pickaxe":37,"minecraft:rail":2,"minecraft:crafting_table":8,"minecraft:white_bed":7,"minecraft:smoker":1,"minecraft:redstone_torch":1,"minecraft:apple":16,"minecraft:stone_button":1,"minecraft:spruce_sapling":1,"justhammers:stone_hammer":744,"minecraft:stone_axe":196,"minecraft:cobblestone":192,"travelersbackpack:standard":5,"minecraft:bucket":5,"travelersbackpack:yellow_sleeping_bag":3},"minecraft:crafted":{"minecraft:yellow_wool":2,"minecraft:oak_planks":128,"minecraft:stone_shovel":5,"travelersbackpack:yellow_sleeping_bag":1,"minecraft:furnace":2,"minecraft:stone_button":1,"minecraft:stone":71,"minecraft:cooked_mutton":68,"minecraft:oak_trapdoor":2,"minecraft:glass":14,"minecraft:bow":1,"minecraft:stone_pickaxe":6,"minecraft:chest":3,"minecraft:rail":16,"minecraft:minecart":1,"minecraft:smoker":1,"minecraft:crafting_table":1,"travelersbackpack:standard":1,"travelersbackpack:backpack_tank":2,"minecraft:wooden_pickaxe":1,"minecraft:powered_rail":6,"minecraft:copper_ingot":74,"minecraft:bucket":2,"minecraft:stone_axe":3,"minecraft:air":0,"minecraft:blue_dye":1,"minecraft:dispenser":1,"minecraft:string":128,"justhammers:stone_hammer":14,"minecraft:yellow_dye":2,"minecraft:shield":1,"minecraft:stick":112,"minecraft:iron_ingot":27,"minecraft:wooden_axe":1,"minecraft:iron_shovel":1,"minecraft:white_bed":1,"minecraft:redstone_torch":1,"minecraft:torch":128}},"DataVersion":3953}