{"stats":{"minecraft:mined":{"minecraft:white_bed":6,"minecraft:granite":2,"minecraft:grass_block":229,"minecraft:cherry_wood":7,"minecraft:spruce_leaves":8,"minecraft:spawner":2,"minecraft:magma_block":6,"minecraft:furnace":2,"minecraft:iron_ore":7,"minecraft:fire":12,"minecraft:andesite":8,"minecraft:pumpkin":5,"travelersbackpack:yellow_sleeping_bag":3,"minecraft:lantern":2,"minecraft:stone":79,"minecraft:brown_mushroom":7,"minecraft:glass_pane":1,"minecraft:smoker":1,"minecraft:amethyst_cluster":1,"minecraft:dandelion":2,"minecraft:oak_fence":1,"minecraft:crafting_table":7,"minecraft:cornflower":1,"minecraft:short_grass":33,"minecraft:poppy":2,"minecraft:chest":5,"minecraft:copper_ore":2,"minecraft:tall_grass":6,"minecraft:cobblestone":7,"minecraft:wall_torch":1,"minecraft:spruce_log":21,"minecraft:birch_leaves":1,"minecraft:oak_log":32,"minecraft:coal_ore":19,"minecraft:sand":27,"minecraft:dirt":115,"minecraft:netherrack":6,"minecraft:oak_leaves":9},"minecraft:picked_up":{"minecraft:crafting_table":7,"minecraft:azure_bluet":1,"minecraft:purple_wool":2,"minecraft:yellow_wool":2,"minecraft:brown_mushroom":7,"minecraft:pink_wool":2,"minecraft:brick":2,"minecraft:cornflower":1,"minecraft:string":7,"minecraft:raw_copper":74,"minecraft:magenta_wool":2,"minecraft:gold_nugget":1,"minecraft:beef":11,"minecraft:cyan_wool":2,"minecraft:poppy":2,"minecraft:light_gray_wool":2,"minecraft:minecart":1,"minecraft:chest":5,"minecraft:egg":1,"minecraft:furnace":2,"minecraft:blue_wool":2,"minecraft:tipped_arrow":1,"minecraft:lime_wool":2,"minecraft:stick":7,"minecraft:raw_iron":27,"travelersbackpack:yellow_sleeping_bag":3,"minecraft:oak_fence":1,"minecraft:torch":1,"minecraft:diorite":2,"minecraft:carrot":6,"minecraft:redstone":12,"minecraft:arrow":7,"minecraft:rotten_flesh":6,"minecraft:light_blue_wool":2,"minecraft:green_wool":2,"minecraft:gold_ingot":1,"minecraft:glow_berries":2,"minecraft:mutton":132,"minecraft:cobblestone":869,"minecraft:white_wool":23,"minecraft:magma_block":6,"minecraft:andesite":12,"minecraft:brown_wool":2,"minecraft:leather":5,"minecraft:smoker":1,"minecraft:potato":1,"minecraft:flint":1,"minecraft:oak_log":32,"minecraft:gunpowder":4,"minecraft:dirt":325,"minecraft:lantern":2,"minecraft:name_tag":1,"minecraft:cooked_mutton":1,"minecraft:bone":1,"minecraft:apple":67,"minecraft:bow":1,"minecraft:wheat_seeds":38,"minecraft:iron_ingot":5,"minecraft:moss_block":1,"minecraft:pumpkin":5,"minecraft:sweet_berries":19,"minecraft:red_wool":2,"minecraft:dandelion":4,"minecraft:torchflower_seeds":1,"minecraft:amethyst_shard":2,"minecraft:sand":27,"minecraft:spruce_sapling":2,"minecraft:white_bed":6,"minecraft:spruce_log":18,"minecraft:spider_eye":3,"minecraft:orange_wool":2,"minecraft:diamond":1,"minecraft:cherry_wood":5,"minecraft:granite":205,"minecraft:gray_wool":2,"minecraft:oak_sapling":16,"minecraft:black_wool":2,"minecraft:netherrack":6,"minecraft:coal":344},"minecraft:broken":{"minecraft:wooden_pickaxe":1,"minecraft:stone_pickaxe":2,"minecraft:stone_axe":2,"minecraft:wooden_axe":1},"minecraft:custom":{"minecraft:mob_kills":64,"minecraft:interact_with_crafting_table":70,"minecraft:leave_game":2,"minecraft:time_since_death":181203,"minecraft:climb_one_cm":1078,"minecraft:sprint_one_cm":587446,"minecraft:walk_one_cm":486980,"minecraft:damage_blocked_by_shield":345,"minecraft:drop":68,"minecraft:talked_to_villager":1,"minecraft:play_time":181203,"minecraft:sneak_time":3464,"minecraft:walk_under_water_one_cm":6554,"minecraft:jump":2953,"minecraft:walk_on_water_one_cm":31168,"minecraft:total_world_time":181203,"minecraft:interact_with_furnace":52,"minecraft:sleep_in_bed":16,"minecraft:time_since_rest":4555,"minecraft:damage_taken":1147,"minecraft:damage_absorbed":326,"minecraft:damage_dealt":9517,"minecraft:swim_one_cm":78504,"minecraft:fly_one_cm":587700,"minecraft:open_chest":77,"minecraft:crouch_one_cm":5955,"minecraft:interact_with_smoker":11,"minecraft:fall_one_cm":58179,"minecraft:inspect_dispenser":2},"minecraft:dropped":{"minecraft:cobblestone":23,"minecraft:granite":4,"minecraft:dirt":18,"minecraft:diorite":2,"minecraft:potato":64},"minecraft:killed":{"minecraft:witch":2,"minecraft:spider":6,"minecraft:skeleton":5,"minecraft:zombie_villager":3,"minecraft:creeper":2,"minecraft:sheep":20,"minecraft:zombie":5,"minecraft:stray":2,"minecraft:wither_skeleton":1,"minecraft:villager":4,"minecraft:enderman":3,"minecraft:cow":5},"minecraft:used":{"minecraft:oak_trapdoor":1,"minecraft:stone_shovel":268,"minecraft:dispenser":1,"minecraft:chest":7,"minecraft:shield":13,"minecraft:netherrack":5,"minecraft:torch":27,"minecraft:dirt":32,"minecraft:glass":1,"minecraft:wooden_axe":50,"minecraft:oak_sapling":15,"minecraft:furnace":3,"minecraft:cooked_mutton":29,"minecraft:water_bucket":2,"minecraft:powered_rail":2,"minecraft:stone_pickaxe":128,"minecraft:wooden_pickaxe":37,"minecraft:rail":2,"minecraft:crafting_table":8,"minecraft:white_bed":7,"minecraft:smoker":1,"minecraft:redstone_torch":1,"minecraft:apple":16,"minecraft:stone_button":1,"minecraft:spruce_sapling":1,"justhammers:stone_hammer":722,"minecraft:stone_axe":196,"minecraft:cobblestone":66,"travelersbackpack:standard":5,"minecraft:bucket":5,"travelersbackpack:yellow_sleeping_bag":3},"minecraft:crafted":{"minecraft:oak_planks":128,"minecraft:yellow_wool":2,"minecraft:stone_shovel":4,"travelersbackpack:yellow_sleeping_bag":1,"minecraft:furnace":2,"minecraft:stone_button":1,"minecraft:stone":71,"minecraft:cooked_mutton":68,"minecraft:oak_trapdoor":2,"minecraft:glass":14,"minecraft:bow":1,"minecraft:stone_pickaxe":6,"minecraft:chest":3,"minecraft:rail":16,"minecraft:minecart":1,"minecraft:smoker":1,"minecraft:crafting_table":1,"travelersbackpack:backpack_tank":2,"minecraft:powered_rail":6,"minecraft:wooden_pickaxe":1,"travelersbackpack:standard":1,"minecraft:copper_ingot":74,"minecraft:bucket":2,"minecraft:stone_axe":3,"minecraft:air":0,"minecraft:blue_dye":1,"minecraft:dispenser":1,"minecraft:string":128,"minecraft:yellow_dye":2,"minecraft:shield":1,"justhammers:stone_hammer":14,"minecraft:stick":104,"minecraft:iron_ingot":27,"minecraft:wooden_axe":1,"minecraft:white_bed":1,"minecraft:redstone_torch":1,"minecraft:torch":128}},"DataVersion":3953}