{"stats":{"minecraft:killed":{"minecraft:sheep":16},"minecraft:custom":{"minecraft:time_since_rest":7945,"minecraft:sprint_one_cm":84915,"minecraft:damage_taken":10,"minecraft:walk_one_cm":41332,"minecraft:mob_kills":16,"minecraft:damage_dealt":1280,"minecraft:interact_with_crafting_table":4,"minecraft:swim_one_cm":13112,"minecraft:fly_one_cm":59677,"minecraft:open_chest":10,"minecraft:crouch_one_cm":8,"minecraft:play_time":15600,"minecraft:sneak_time":149,"minecraft:walk_under_water_one_cm":623,"minecraft:jump":317,"minecraft:walk_on_water_one_cm":1934,"minecraft:time_since_death":15600,"minecraft:sleep_in_bed":2,"minecraft:total_world_time":15600,"minecraft:fall_one_cm":4964},"minecraft:crafted":{"minecraft:oak_planks":100,"minecraft:crafting_table":1,"minecraft:stick":8,"minecraft:wooden_pickaxe":1,"minecraft:stone_pickaxe":1,"minecraft:wooden_axe":1,"minecraft:white_bed":1,"minecraft:stone_axe":1},"minecraft:mined":{"minecraft:white_bed":2,"minecraft:spruce_log":21,"minecraft:pumpkin":5,"minecraft:crafting_table":4,"minecraft:short_grass":4,"minecraft:oak_log":25,"minecraft:coal_ore":1,"minecraft:stone":36,"minecraft:oak_leaves":9},"minecraft:used":{"minecraft:wooden_axe":50,"minecraft:apple":7,"minecraft:wooden_pickaxe":37,"minecraft:spruce_sapling":1,"minecraft:stone_axe":31,"minecraft:cobblestone":3,"minecraft:crafting_table":4,"minecraft:oak_sapling":10,"minecraft:white_bed":2},"minecraft:picked_up":{"minecraft:stick":4,"minecraft:crafting_table":4,"minecraft:pumpkin":5,"minecraft:oak_log":25,"minecraft:spruce_sapling":1,"minecraft:white_bed":2,"minecraft:spruce_log":18,"minecraft:apple":29,"minecraft:gold_nugget":1,"minecraft:gold_ingot":1,"minecraft:oak_sapling":10,"minecraft:mutton":22,"minecraft:coal":23,"minecraft:white_wool":16,"minecraft:cobblestone":34},"minecraft:broken":{"minecraft:wooden_axe":1,"minecraft:wooden_pickaxe":1}},"DataVersion":3953}