{"stats":{"minecraft:killed":{"minecraft:witch":1,"minecraft:zombie_villager":1,"minecraft:spider":5,"minecraft:creeper":2,"minecraft:sheep":20,"minecraft:skeleton":4,"minecraft:zombie":4,"minecraft:stray":2,"minecraft:wither_skeleton":1},"minecraft:custom":{"minecraft:interact_with_furnace":8,"minecraft:mob_kills":43,"minecraft:interact_with_crafting_table":20,"minecraft:leave_game":1,"minecraft:time_since_death":80008,"minecraft:sleep_in_bed":7,"minecraft:climb_one_cm":1078,"minecraft:time_since_rest":9482,"minecraft:damage_absorbed":100,"minecraft:sprint_one_cm":299510,"minecraft:damage_taken":648,"minecraft:walk_one_cm":197022,"minecraft:damage_blocked_by_shield":95,"minecraft:damage_dealt":5942,"minecraft:swim_one_cm":57520,"minecraft:fly_one_cm":255589,"minecraft:talked_to_villager":1,"minecraft:open_chest":33,"minecraft:crouch_one_cm":2507,"minecraft:play_time":80008,"minecraft:sneak_time":1946,"minecraft:walk_under_water_one_cm":4302,"minecraft:jump":1367,"minecraft:walk_on_water_one_cm":13079,"minecraft:total_world_time":80008,"minecraft:interact_with_smoker":11,"minecraft:fall_one_cm":27965},"minecraft:crafted":{"minecraft:yellow_wool":2,"minecraft:oak_planks":100,"minecraft:crafting_table":1,"minecraft:wooden_pickaxe":1,"travelersbackpack:yellow_sleeping_bag":1,"minecraft:furnace":2,"minecraft:stone_axe":3,"minecraft:cooked_mutton":68,"minecraft:air":0,"minecraft:string":128,"minecraft:yellow_dye":2,"minecraft:shield":1,"minecraft:stick":12,"minecraft:stone_pickaxe":2,"minecraft:wooden_axe":1,"minecraft:chest":2,"minecraft:white_bed":1,"minecraft:smoker":1},"minecraft:mined":{"minecraft:white_bed":4,"minecraft:brown_mushroom":7,"minecraft:glass_pane":1,"minecraft:amethyst_cluster":1,"minecraft:dandelion":2,"minecraft:crafting_table":6,"minecraft:short_grass":20,"minecraft:grass_block":8,"minecraft:poppy":1,"minecraft:chest":2,"minecraft:copper_ore":2,"minecraft:cherry_wood":7,"minecraft:spruce_leaves":8,"minecraft:spawner":2,"minecraft:magma_block":6,"minecraft:furnace":1,"minecraft:iron_ore":1,"minecraft:fire":7,"minecraft:spruce_log":21,"minecraft:pumpkin":5,"minecraft:oak_log":25,"minecraft:coal_ore":17,"travelersbackpack:yellow_sleeping_bag":2,"minecraft:lantern":2,"minecraft:stone":62,"minecraft:netherrack":6,"minecraft:oak_leaves":9},"minecraft:picked_up":{"minecraft:crafting_table":6,"minecraft:magma_block":6,"minecraft:purple_wool":2,"minecraft:yellow_wool":2,"minecraft:brown_wool":2,"minecraft:brown_mushroom":7,"minecraft:pink_wool":2,"minecraft:potato":1,"minecraft:flint":1,"minecraft:oak_log":25,"minecraft:brick":2,"minecraft:string":5,"minecraft:dirt":5,"minecraft:lantern":2,"minecraft:raw_copper":30,"minecraft:name_tag":1,"minecraft:cooked_mutton":1,"minecraft:bone":1,"minecraft:magenta_wool":2,"minecraft:apple":29,"minecraft:wheat_seeds":3,"minecraft:gold_nugget":1,"minecraft:iron_ingot":2,"minecraft:cyan_wool":2,"minecraft:poppy":1,"minecraft:light_gray_wool":2,"minecraft:moss_block":1,"minecraft:chest":2,"minecraft:egg":1,"minecraft:furnace":1,"minecraft:blue_wool":2,"minecraft:tipped_arrow":1,"minecraft:raw_iron":2,"minecraft:lime_wool":2,"minecraft:stick":6,"travelersbackpack:yellow_sleeping_bag":2,"minecraft:pumpkin":5,"minecraft:sweet_berries":3,"minecraft:red_wool":2,"minecraft:dandelion":2,"minecraft:torchflower_seeds":1,"minecraft:amethyst_shard":2,"minecraft:spruce_sapling":2,"minecraft:carrot":5,"minecraft:white_bed":4,"minecraft:spruce_log":18,"minecraft:redstone":7,"minecraft:spider_eye":3,"minecraft:orange_wool":2,"minecraft:arrow":7,"minecraft:rotten_flesh":4,"minecraft:light_blue_wool":2,"minecraft:cherry_wood":5,"minecraft:gray_wool":2,"minecraft:green_wool":2,"minecraft:gold_ingot":1,"minecraft:glow_berries":2,"minecraft:oak_sapling":10,"minecraft:netherrack":6,"minecraft:black_wool":2,"minecraft:mutton":131,"minecraft:coal":257,"minecraft:cobblestone":60,"minecraft:white_wool":22},"minecraft:used":{"minecraft:cooked_mutton":12,"minecraft:stone_pickaxe":67,"minecraft:shield":4,"minecraft:chest":4,"minecraft:wooden_pickaxe":37,"minecraft:netherrack":5,"minecraft:crafting_table":7,"minecraft:white_bed":5,"minecraft:smoker":1,"minecraft:wooden_axe":50,"minecraft:apple":16,"minecraft:spruce_sapling":1,"minecraft:stone_axe":136,"minecraft:cobblestone":8,"minecraft:furnace":2,"minecraft:oak_sapling":10,"travelersbackpack:yellow_sleeping_bag":2},"minecraft:broken":{"minecraft:stone_pickaxe":1,"minecraft:stone_axe":1,"minecraft:wooden_axe":1,"minecraft:wooden_pickaxe":1}},"DataVersion":3953}