{"stats":{"minecraft:mined":{"minecraft:white_bed":11,"minecraft:oak_sapling":1,"minecraft:cobblestone_stairs":1,"minecraft:spruce_trapdoor":1,"minecraft:granite":2,"minecraft:grass_block":667,"minecraft:spawner":2,"minecraft:tall_seagrass":13,"minecraft:magma_block":6,"minecraft:glowstone":11,"minecraft:cobbled_deepslate":9,"minecraft:iron_ore":9,"minecraft:fire":15,"minecraft:barrel":3,"minecraft:pumpkin":5,"minecraft:azure_bluet":2,"minecraft:dirt_path":20,"minecraft:spruce_slab":3,"minecraft:brown_mushroom":7,"sulfurpotassiummod:sulfur_ore":38,"minecraft:smoker":1,"minecraft:amethyst_cluster":1,"minecraft:blast_furnace":4,"minecraft:poppy":2,"minecraft:chest":5,"minecraft:cobblestone":48,"minecraft:sugar_cane":80,"minecraft:oak_planks":4,"minecraft:wall_torch":2,"minecraft:seagrass":2,"minecraft:wheat":4,"minecraft:oak_log":346,"minecraft:sand":74,"minecraft:dirt":244,"minecraft:stonecutter":1,"minecraft:netherrack":6,"minecraft:oak_leaves":36,"minecraft:deepslate":63,"minecraft:tuff":4,"minecraft:deepslate_diamond_ore":8,"minecraft:cherry_wood":7,"minecraft:spruce_leaves":8,"resource_nether_ores:nether_iron_ore":8,"minecraft:redstone_ore":1,"minecraft:oak_trapdoor":11,"minecraft:furnace":2,"minecraft:carrots":38,"minecraft:andesite":8,"travelersbackpack:yellow_sleeping_bag":5,"minecraft:lantern":2,"sulfurpotassiummod:potassium_ore":2,"minecraft:stone":354,"minecraft:bone_block":8,"minecraft:glass_pane":2,"minecraft:soul_sand":11,"minecraft:dandelion":20,"travelersbackpack:standard":1,"minecraft:oak_fence":1,"minecraft:crafting_table":7,"minecraft:cornflower":2,"minecraft:short_grass":102,"minecraft:spruce_button":1,"minecraft:campfire":4,"minecraft:tall_grass":24,"minecraft:copper_ore":4,"minecraft:lapis_ore":1,"minecraft:deepslate_gold_ore":4,"minecraft:spruce_log":21,"minecraft:birch_leaves":1,"sulfurpotassiummod:sulfur_nether_ore":13,"minecraft:coal_ore":21,"minecraft:gravel":63},"minecraft:picked_up":{"minecraft:seagrass":8,"minecraft:wheat":4,"minecraft:yellow_wool":2,"sulfurpotassiummod:sulfur":169,"minecraft:enchanted_book":4,"minecraft:string":23,"minecraft:raw_copper":105,"minecraft:iron_leggings":2,"minecraft:gold_nugget":2,"minecraft:cobbled_deepslate":6431,"minecraft:bucket":2,"minecraft:iron_pickaxe":2,"minecraft:furnace":2,"minecraft:iron_boots":4,"minecraft:blue_wool":2,"minecraft:tipped_arrow":2,"minecraft:stick":113,"sulfurpotassiummod:raw_potassium":2,"travelersbackpack:yellow_sleeping_bag":5,"minecraft:oak_fence":1,"minecraft:torch":19,"minecraft:diorite":2,"minecraft:rotten_flesh":30,"minecraft:light_blue_wool":2,"wheelbarrow:oxidized_copper_wheelbarrow":1,"minecraft:green_wool":2,"minecraft:cobblestone":1523,"minecraft:magma_block":6,"minecraft:cooked_beef":7,"minecraft:andesite":184,"minecraft:brown_wool":2,"minecraft:smoker":1,"minecraft:potato":7,"minecraft:flint":8,"minecraft:tuff":815,"minecraft:lapis_lazuli":10,"minecraft:dirt":937,"minecraft:lantern":2,"minecraft:name_tag":1,"minecraft:bone":31,"minecraft:bow":1,"minecraft:wheat_seeds":74,"minecraft:raw_gold":170,"minecraft:glowstone_dust":26,"minecraft:moss_block":1,"minecraft:stone_hoe":1,"minecraft:oak_planks":22,"minecraft:sand":71,"justhammers:iron_hammer":4,"minecraft:barrel":3,"minecraft:orange_wool":2,"minecraft:spruce_boat":2,"minecraft:diamond":220,"minecraft:cherry_wood":5,"minecraft:granite":205,"minecraft:spruce_button":3,"minecraft:emerald":1,"minecraft:oak_sapling":101,"minecraft:netherrack":6,"minecraft:diamond_pickaxe":3,"minecraft:charcoal":8,"minecraft:crafting_table":7,"minecraft:firework_star":8,"minecraft:purple_wool":2,"minecraft:azure_bluet":3,"minecraft:splash_potion":3,"minecraft:brown_mushroom":7,"minecraft:pink_wool":2,"minecraft:brick":2,"minecraft:cornflower":3,"minecraft:oak_trapdoor":11,"minecraft:iron_axe":4,"minecraft:magenta_wool":2,"minecraft:beef":13,"minecraft:cyan_wool":2,"minecraft:poppy":2,"minecraft:spruce_slab":3,"minecraft:light_gray_wool":2,"minecraft:minecart":5,"minecraft:sugar_cane":163,"minecraft:chest":5,"minecraft:egg":1,"minecraft:lime_wool":2,"minecraft:raw_iron":49,"minecraft:copper_ingot":7,"minecraft:carrot":163,"minecraft:redstone":22,"minecraft:arrow":26,"minecraft:stone_shovel":4,"minecraft:gold_ingot":1,"minecraft:glow_berries":2,"minecraft:mutton":132,"minecraft:white_wool":23,"minecraft:bone_block":8,"minecraft:leather":6,"minecraft:oak_log":341,"minecraft:gunpowder":18,"minecraft:cooked_mutton":1,"minecraft:apple":549,"minecraft:iron_ingot":195,"minecraft:soul_sand":11,"minecraft:pumpkin":5,"minecraft:sweet_berries":19,"minecraft:red_wool":2,"minecraft:dandelion":26,"minecraft:torchflower_seeds":1,"minecraft:gravel":64,"minecraft:amethyst_shard":2,"minecraft:spruce_sapling":2,"minecraft:blast_furnace":2,"minecraft:white_bed":11,"minecraft:spruce_log":18,"minecraft:spider_eye":7,"travelersbackpack:standard":2,"minecraft:slime_ball":2,"minecraft:stone_axe":1,"minecraft:iron_helmet":3,"minecraft:gray_wool":2,"minecraft:baked_potato":2,"minecraft:black_wool":2,"minecraft:coal":405},"minecraft:killed_by":{"minecraft:zombified_piglin":7,"minecraft:cave_spider":1,"minecraft:vex":6},"minecraft:broken":{"minecraft:iron_shovel":1,"minecraft:stone_pickaxe":2,"minecraft:stone_axe":3,"minecraft:wooden_axe":1,"minecraft:stone_shovel":5,"minecraft:wooden_pickaxe":1,"minecraft:iron_axe":1},"minecraft:custom":{"minecraft:interact_with_crafting_table":202,"minecraft:leave_game":16,"minecraft:time_since_death":120085,"minecraft:sprint_one_cm":1766453,"minecraft:damage_blocked_by_shield":708,"minecraft:drop":80,"minecraft:talked_to_villager":50,"minecraft:play_time":610977,"minecraft:deaths":14,"minecraft:jump":8855,"minecraft:interact_with_brewingstand":15,"minecraft:walk_on_water_one_cm":43245,"minecraft:interact_with_furnace":76,"minecraft:traded_with_villager":76,"minecraft:sleep_in_bed":51,"minecraft:damage_dealt":20399,"minecraft:crouch_one_cm":49413,"minecraft:interact_with_smoker":18,"minecraft:inspect_dispenser":8,"minecraft:mob_kills":142,"minecraft:interact_with_anvil":5,"minecraft:climb_one_cm":1078,"minecraft:walk_one_cm":1736371,"minecraft:sneak_time":17522,"minecraft:walk_under_water_one_cm":10362,"minecraft:boat_one_cm":272,"minecraft:interact_with_blast_furnace":8,"minecraft:total_world_time":610977,"minecraft:time_since_rest":9566,"minecraft:damage_taken":6477,"minecraft:damage_absorbed":1003,"minecraft:swim_one_cm":99248,"minecraft:fly_one_cm":1902527,"minecraft:open_chest":259,"minecraft:fall_one_cm":106874},"minecraft:dropped":{"minecraft:dirt":18,"minecraft:cobbled_deepslate":143,"minecraft:rotten_flesh":3,"minecraft:tipped_arrow":1,"minecraft:arrow":8,"minecraft:enchanted_book":2,"minecraft:cobblestone":23,"minecraft:apple":1,"minecraft:granite":4,"minecraft:diorite":2,"minecraft:potato":64,"minecraft:diamond_pickaxe":1,"minecraft:stone_pickaxe":1},"minecraft:killed":{"minecraft:witch":2,"minecraft:spider":21,"minecraft:zombie_horse":2,"minecraft:skeleton":15,"minecraft:skeleton_horse":1,"minecraft:wolf":1,"minecraft:zombie_villager":10,"minecraft:creeper":13,"minecraft:sheep":20,"minecraft:zombie":16,"minecraft:stray":4,"minecraft:cow":6,"minecraft:slime":2,"minecraft:wither_skeleton":1,"minecraft:villager":4,"minecraft:enderman":3},"minecraft:used":{"minecraft:iron_shovel":256,"minecraft:spruce_slab":8,"minecraft:dispenser":1,"minecraft:oak_sign":3,"minecraft:chest":10,"minecraft:shield":22,"minecraft:zombie_spawn_egg":1,"minecraft:firework_star":1,"minecraft:carrot":78,"minecraft:tuff":52,"minecraft:spruce_boat":3,"minecraft:glass":2,"minecraft:lava_bucket":11,"minecraft:furnace":3,"minecraft:oak_sapling":101,"minecraft:stone_pickaxe":438,"minecraft:powered_rail":2,"minecraft:oak_planks":2,"minecraft:wooden_pickaxe":37,"minecraft:sugar_cane":38,"minecraft:blast_furnace":3,"minecraft:redstone_torch":1,"minecraft:sticky_piston":7,"minecraft:lever":7,"minecraft:stone_button":1,"minecraft:lectern":1,"minecraft:gravel":41,"minecraft:bone_meal":18,"minecraft:oak_trapdoor":26,"minecraft:flint_and_steel":1,"minecraft:stone_shovel":1028,"minecraft:redstone":7,"minecraft:stone_hoe":104,"minecraft:netherrack":5,"minecraft:torch":122,"minecraft:brewing_stand":1,"minecraft:dirt":726,"minecraft:anvil":1,"minecraft:hopper":1,"minecraft:wooden_axe":50,"wheelbarrow:copper_wheelbarrow":1,"minecraft:iron_axe":318,"minecraft:spruce_button":8,"minecraft:barrel":6,"minecraft:cooked_beef":6,"minecraft:cobbled_deepslate":294,"minecraft:wheat_seeds":14,"minecraft:cooked_mutton":64,"minecraft:water_bucket":16,"minecraft:glass_bottle":21,"minecraft:baked_potato":1,"minecraft:spruce_sign":6,"minecraft:fletching_table":1,"minecraft:rail":2,"minecraft:oak_slab":10,"minecraft:crafting_table":8,"minecraft:white_bed":15,"minecraft:campfire":4,"minecraft:smoker":2,"justhammers:iron_hammer":607,"minecraft:apple":48,"minecraft:oak_button":1,"minecraft:iron_pickaxe":194,"minecraft:spruce_sapling":1,"justhammers:stone_hammer":907,"minecraft:stone_axe":449,"minecraft:cobblestone":482,"travelersbackpack:standard":6,"minecraft:bucket":33,"minecraft:splash_potion":3,"travelersbackpack:yellow_sleeping_bag":6},"minecraft:crafted":{"minecraft:yellow_wool":4,"minecraft:oak_planks":1312,"minecraft:barrel":3,"minecraft:oak_sign":3,"wheelbarrow:copper_wheelbarrow":1,"minecraft:blaze_powder":2,"travelersbackpack:yellow_sleeping_bag":2,"minecraft:slime_block":1,"minecraft:stone":71,"minecraft:lever":7,"minecraft:bookshelf":1,"minecraft:cooked_mutton":73,"minecraft:glass":58,"minecraft:hopper":1,"minecraft:bow":1,"minecraft:iron_boots":1,"minecraft:chest":7,"minecraft:oak_button":1,"minecraft:rail":16,"minecraft:name_tag":1,"minecraft:smoker":1,"minecraft:glass_bottle":21,"minecraft:oak_slab":24,"minecraft:emerald":74,"minecraft:crafting_table":1,"minecraft:spruce_planks":56,"travelersbackpack:standard":1,"minecraft:wooden_pickaxe":1,"minecraft:iron_helmet":2,"minecraft:copper_ingot":105,"minecraft:sticky_piston":7,"minecraft:fletching_table":1,"minecraft:brewing_stand":1,"minecraft:campfire":4,"minecraft:blaze_rod":3,"minecraft:dispenser":1,"minecraft:lectern":1,"minecraft:string":128,"minecraft:iron_chestplate":2,"minecraft:book":11,"minecraft:paper":105,"minecraft:diamond_pickaxe":1,"minecraft:yellow_dye":4,"minecraft:shield":1,"minecraft:stick":2195,"minecraft:iron_ingot":38,"minecraft:iron_pickaxe":2,"minecraft:iron_block":3,"minecraft:gold_ingot":26,"minecraft:zombie_spawn_egg":1,"minecraft:redstone_torch":1,"minecraft:shears":1,"minecraft:cherry_planks":20,"minecraft:stone_shovel":8,"minecraft:spruce_button":5,"minecraft:blast_furnace":1,"minecraft:furnace":3,"minecraft:stone_button":1,"minecraft:piston":7,"minecraft:bone_meal":24,"minecraft:oak_trapdoor":16,"minecraft:flint_and_steel":1,"minecraft:iron_axe":2,"minecraft:spruce_slab":6,"minecraft:slime_ball":9,"handcrafted:white_sheet":8,"minecraft:stone_pickaxe":6,"minecraft:spruce_boat":1,"minecraft:honey_block":1,"minecraft:minecart":1,"minecraft:cooked_beef":13,"minecraft:sugar":7,"minecraft:spruce_sign":6,"travelersbackpack:backpack_tank":2,"minecraft:powered_rail":6,"minecraft:bucket":2,"minecraft:stone_axe":5,"minecraft:glowstone":6,"minecraft:enchanted_book":2,"minecraft:air":0,"minecraft:blue_dye":1,"justhammers:iron_hammer":10,"minecraft:golden_apple":3,"justhammers:stone_hammer":14,"minecraft:fermented_spider_eye":2,"minecraft:wooden_axe":1,"minecraft:iron_shovel":1,"minecraft:iron_leggings":2,"minecraft:anvil":1,"minecraft:white_bed":4,"minecraft:torch":156}},"DataVersion":3953}