{"stats":{"minecraft:killed":{"minecraft:sheep":16},"minecraft:custom":{"minecraft:time_since_rest":6880,"minecraft:sprint_one_cm":139563,"minecraft:damage_taken":40,"minecraft:walk_one_cm":85417,"minecraft:mob_kills":16,"minecraft:damage_dealt":1280,"minecraft:talked_to_villager":1,"minecraft:interact_with_crafting_table":5,"minecraft:swim_one_cm":24203,"minecraft:fly_one_cm":93033,"minecraft:open_chest":10,"minecraft:crouch_one_cm":1132,"minecraft:play_time":27600,"minecraft:sneak_time":994,"minecraft:walk_under_water_one_cm":2269,"minecraft:jump":523,"minecraft:walk_on_water_one_cm":3184,"minecraft:time_since_death":27600,"minecraft:sleep_in_bed":3,"minecraft:total_world_time":27600,"minecraft:fall_one_cm":7325},"minecraft:crafted":{"minecraft:oak_planks":100,"minecraft:crafting_table":1,"minecraft:stick":8,"minecraft:wooden_pickaxe":1,"minecraft:stone_pickaxe":2,"minecraft:wooden_axe":1,"minecraft:white_bed":1,"minecraft:stone_axe":1},"minecraft:mined":{"minecraft:brown_mushroom":2,"minecraft:white_bed":3,"minecraft:glass_pane":1,"minecraft:iron_ore":1,"minecraft:spruce_log":21,"minecraft:pumpkin":5,"minecraft:crafting_table":5,"minecraft:short_grass":4,"minecraft:grass_block":1,"minecraft:oak_log":25,"minecraft:coal_ore":17,"minecraft:copper_ore":2,"minecraft:spruce_leaves":8,"minecraft:stone":62,"minecraft:oak_leaves":9},"minecraft:used":{"minecraft:wooden_axe":50,"minecraft:apple":12,"minecraft:stone_pickaxe":46,"minecraft:wooden_pickaxe":37,"minecraft:spruce_sapling":1,"minecraft:stone_axe":32,"minecraft:cobblestone":8,"minecraft:crafting_table":5,"minecraft:oak_sapling":10,"minecraft:white_bed":3},"minecraft:picked_up":{"minecraft:raw_iron":2,"minecraft:stick":5,"minecraft:crafting_table":5,"minecraft:pumpkin":5,"minecraft:brown_mushroom":2,"minecraft:oak_log":25,"minecraft:spruce_sapling":2,"minecraft:white_bed":3,"minecraft:spruce_log":18,"minecraft:dirt":1,"minecraft:raw_copper":30,"minecraft:apple":29,"minecraft:gold_nugget":1,"minecraft:gold_ingot":1,"minecraft:oak_sapling":10,"minecraft:mutton":22,"minecraft:coal":194,"minecraft:white_wool":16,"minecraft:cobblestone":60},"minecraft:broken":{"minecraft:stone_pickaxe":1,"minecraft:wooden_axe":1,"minecraft:wooden_pickaxe":1}},"DataVersion":3953}