{"stats":{"minecraft:dropped":{"minecraft:cobblestone":23,"minecraft:granite":4,"minecraft:dirt":18,"minecraft:diorite":2,"minecraft:rotten_flesh":3,"minecraft:potato":64,"minecraft:tipped_arrow":1,"minecraft:arrow":8},"minecraft:killed":{"minecraft:witch":2,"minecraft:spider":18,"minecraft:slime":2,"minecraft:zombie_horse":2,"minecraft:skeleton":14,"minecraft:skeleton_horse":1,"minecraft:wolf":1,"minecraft:zombie_villager":8,"minecraft:creeper":12,"minecraft:sheep":20,"minecraft:zombie":15,"minecraft:stray":4,"minecraft:wither_skeleton":1,"minecraft:villager":4,"minecraft:enderman":3,"minecraft:cow":6},"minecraft:custom":{"minecraft:mob_kills":130,"minecraft:interact_with_crafting_table":124,"minecraft:leave_game":4,"minecraft:time_since_death":344241,"minecraft:climb_one_cm":1078,"minecraft:sprint_one_cm":1034065,"minecraft:walk_one_cm":1062558,"minecraft:damage_blocked_by_shield":708,"minecraft:drop":72,"minecraft:talked_to_villager":1,"minecraft:play_time":344241,"minecraft:sneak_time":10947,"minecraft:walk_under_water_one_cm":7310,"minecraft:boat_one_cm":272,"minecraft:jump":5777,"minecraft:walk_on_water_one_cm":31955,"minecraft:total_world_time":344241,"minecraft:interact_with_furnace":60,"minecraft:sleep_in_bed":30,"minecraft:time_since_rest":3966,"minecraft:damage_absorbed":704,"minecraft:damage_taken":1925,"minecraft:damage_dealt":19259,"minecraft:swim_one_cm":94852,"minecraft:fly_one_cm":1237721,"minecraft:open_chest":132,"minecraft:crouch_one_cm":32960,"minecraft:interact_with_smoker":14,"minecraft:fall_one_cm":80084,"minecraft:inspect_dispenser":5},"minecraft:crafted":{"minecraft:cherry_planks":20,"minecraft:yellow_wool":2,"minecraft:oak_planks":232,"minecraft:stone_shovel":8,"minecraft:barrel":3,"minecraft:oak_sign":3,"wheelbarrow:copper_wheelbarrow":1,"minecraft:spruce_button":5,"travelersbackpack:yellow_sleeping_bag":1,"minecraft:furnace":2,"minecraft:stone_button":1,"minecraft:piston":2,"minecraft:stone":71,"minecraft:lever":2,"minecraft:cooked_mutton":73,"minecraft:oak_trapdoor":6,"minecraft:glass":14,"minecraft:hopper":1,"minecraft:bow":1,"minecraft:iron_boots":1,"minecraft:spruce_slab":6,"minecraft:stone_pickaxe":6,"minecraft:chest":7,"minecraft:oak_button":1,"minecraft:spruce_boat":1,"minecraft:rail":16,"minecraft:minecart":1,"minecraft:smoker":1,"minecraft:cooked_beef":13,"minecraft:oak_slab":6,"minecraft:spruce_sign":6,"minecraft:crafting_table":1,"minecraft:iron_helmet":1,"minecraft:spruce_planks":56,"travelersbackpack:standard":1,"travelersbackpack:backpack_tank":2,"minecraft:powered_rail":6,"minecraft:wooden_pickaxe":1,"minecraft:copper_ingot":105,"minecraft:sticky_piston":2,"minecraft:bucket":2,"minecraft:stone_axe":5,"minecraft:air":0,"minecraft:blue_dye":1,"minecraft:dispenser":1,"justhammers:iron_hammer":1,"minecraft:book":1,"minecraft:string":128,"minecraft:paper":9,"minecraft:iron_chestplate":1,"minecraft:shield":1,"minecraft:yellow_dye":2,"justhammers:stone_hammer":14,"minecraft:stick":160,"minecraft:iron_pickaxe":1,"minecraft:iron_ingot":30,"minecraft:wooden_axe":1,"minecraft:iron_shovel":1,"minecraft:iron_leggings":1,"minecraft:white_bed":4,"minecraft:redstone_torch":1,"minecraft:torch":128},"minecraft:mined":{"minecraft:white_bed":9,"minecraft:oak_sapling":1,"minecraft:deepslate_diamond_ore":1,"minecraft:cobblestone_stairs":1,"minecraft:spruce_trapdoor":1,"minecraft:granite":2,"minecraft:grass_block":666,"minecraft:cherry_wood":7,"minecraft:spruce_leaves":8,"minecraft:redstone_ore":1,"minecraft:oak_trapdoor":6,"minecraft:spawner":2,"minecraft:magma_block":6,"minecraft:carrots":1,"minecraft:furnace":2,"minecraft:iron_ore":9,"minecraft:fire":13,"minecraft:barrel":3,"minecraft:andesite":8,"minecraft:pumpkin":5,"travelersbackpack:yellow_sleeping_bag":3,"minecraft:dirt_path":20,"minecraft:lantern":2,"sulfurpotassiummod:potassium_ore":2,"minecraft:stone":321,"minecraft:spruce_slab":3,"minecraft:brown_mushroom":7,"minecraft:glass_pane":2,"sulfurpotassiummod:sulfur_ore":8,"minecraft:smoker":1,"minecraft:amethyst_cluster":1,"minecraft:dandelion":2,"minecraft:oak_fence":1,"minecraft:crafting_table":7,"minecraft:cornflower":1,"minecraft:short_grass":79,"minecraft:spruce_button":1,"minecraft:poppy":2,"minecraft:chest":5,"minecraft:copper_ore":4,"minecraft:tall_grass":20,"minecraft:cobblestone":19,"minecraft:lapis_ore":1,"minecraft:sugar_cane":10,"minecraft:oak_planks":2,"minecraft:wall_torch":1,"minecraft:spruce_log":21,"minecraft:birch_leaves":1,"minecraft:oak_log":59,"minecraft:coal_ore":20,"minecraft:sand":27,"minecraft:dirt":224,"minecraft:netherrack":6,"minecraft:deepslate":7,"minecraft:oak_leaves":9},"minecraft:picked_up":{"minecraft:crafting_table":7,"minecraft:firework_star":3,"minecraft:azure_bluet":1,"minecraft:purple_wool":2,"sulfurpotassiummod:sulfur":8,"minecraft:yellow_wool":2,"minecraft:brown_mushroom":7,"minecraft:pink_wool":2,"minecraft:brick":2,"minecraft:cornflower":2,"minecraft:oak_trapdoor":6,"minecraft:string":22,"minecraft:raw_copper":105,"minecraft:magenta_wool":2,"minecraft:gold_nugget":1,"minecraft:cobbled_deepslate":201,"minecraft:beef":13,"minecraft:cyan_wool":2,"minecraft:poppy":2,"minecraft:light_gray_wool":2,"minecraft:spruce_slab":3,"minecraft:minecart":3,"minecraft:sugar_cane":25,"minecraft:chest":5,"sulfurpotassiummod:raw_potassium":2,"minecraft:furnace":2,"minecraft:egg":1,"minecraft:blue_wool":2,"minecraft:tipped_arrow":2,"minecraft:lime_wool":2,"minecraft:stick":16,"minecraft:raw_iron":31,"travelersbackpack:yellow_sleeping_bag":3,"minecraft:oak_fence":1,"minecraft:torch":3,"minecraft:diorite":2,"minecraft:carrot":10,"minecraft:redstone":22,"minecraft:arrow":24,"minecraft:rotten_flesh":28,"minecraft:light_blue_wool":2,"minecraft:green_wool":2,"minecraft:gold_ingot":1,"minecraft:glow_berries":2,"minecraft:mutton":132,"minecraft:white_wool":23,"minecraft:cobblestone":1462,"minecraft:magma_block":6,"minecraft:andesite":184,"minecraft:brown_wool":2,"minecraft:leather":6,"minecraft:smoker":1,"minecraft:potato":7,"minecraft:flint":1,"minecraft:oak_log":59,"minecraft:gunpowder":17,"minecraft:lapis_lazuli":6,"minecraft:dirt":920,"minecraft:lantern":2,"minecraft:name_tag":1,"minecraft:cooked_mutton":1,"minecraft:bone":29,"minecraft:apple":124,"minecraft:bow":1,"minecraft:wheat_seeds":61,"minecraft:iron_ingot":10,"minecraft:moss_block":1,"minecraft:stone_hoe":1,"minecraft:oak_planks":2,"minecraft:pumpkin":5,"minecraft:sweet_berries":19,"minecraft:red_wool":2,"minecraft:dandelion":8,"minecraft:torchflower_seeds":1,"minecraft:sand":27,"minecraft:amethyst_shard":2,"minecraft:spruce_sapling":2,"minecraft:white_bed":9,"minecraft:spruce_log":18,"minecraft:spider_eye":7,"minecraft:barrel":3,"minecraft:orange_wool":2,"minecraft:slime_ball":2,"minecraft:diamond":4,"minecraft:spruce_boat":2,"minecraft:stone_axe":1,"minecraft:cherry_wood":5,"minecraft:granite":205,"minecraft:gray_wool":2,"minecraft:spruce_button":3,"minecraft:oak_sapling":27,"minecraft:netherrack":6,"minecraft:black_wool":2,"minecraft:coal":393},"minecraft:used":{"minecraft:oak_trapdoor":11,"minecraft:iron_shovel":256,"minecraft:stone_shovel":954,"minecraft:spruce_slab":8,"minecraft:dispenser":1,"minecraft:redstone":2,"minecraft:oak_sign":3,"minecraft:chest":10,"minecraft:shield":22,"minecraft:firework_star":1,"minecraft:stone_hoe":97,"minecraft:netherrack":5,"minecraft:torch":61,"minecraft:dirt":705,"minecraft:hopper":1,"minecraft:carrot":10,"minecraft:glass":1,"minecraft:spruce_boat":3,"minecraft:wooden_axe":50,"minecraft:lava_bucket":1,"wheelbarrow:copper_wheelbarrow":1,"minecraft:spruce_button":8,"minecraft:barrel":6,"minecraft:oak_sapling":27,"minecraft:furnace":3,"minecraft:wheat_seeds":4,"minecraft:cooked_mutton":56,"minecraft:water_bucket":7,"minecraft:powered_rail":2,"minecraft:stone_pickaxe":396,"minecraft:sugar_cane":16,"minecraft:wooden_pickaxe":37,"minecraft:spruce_sign":6,"minecraft:rail":2,"minecraft:crafting_table":8,"minecraft:white_bed":13,"minecraft:smoker":2,"minecraft:redstone_torch":1,"minecraft:sticky_piston":2,"minecraft:lever":2,"minecraft:apple":16,"minecraft:iron_pickaxe":14,"minecraft:oak_button":1,"minecraft:stone_button":1,"minecraft:spruce_sapling":1,"justhammers:stone_hammer":822,"minecraft:stone_axe":383,"minecraft:cobblestone":259,"travelersbackpack:standard":5,"minecraft:bucket":14,"travelersbackpack:yellow_sleeping_bag":3},"minecraft:broken":{"minecraft:iron_shovel":1,"minecraft:wooden_pickaxe":1,"minecraft:stone_pickaxe":2,"minecraft:stone_axe":3,"minecraft:wooden_axe":1,"minecraft:stone_shovel":5}},"DataVersion":3953}