{"stats":{"minecraft:mined":{"minecraft:tuff":3,"minecraft:white_bed":9,"minecraft:oak_sapling":1,"minecraft:deepslate_diamond_ore":2,"minecraft:cobblestone_stairs":1,"minecraft:spruce_trapdoor":1,"minecraft:granite":2,"minecraft:grass_block":667,"minecraft:cherry_wood":7,"minecraft:spruce_leaves":8,"minecraft:spawner":2,"resource_nether_ores:nether_iron_ore":8,"minecraft:oak_trapdoor":6,"minecraft:redstone_ore":1,"minecraft:magma_block":6,"minecraft:glowstone":11,"minecraft:carrots":8,"minecraft:furnace":2,"minecraft:cobbled_deepslate":3,"minecraft:iron_ore":9,"minecraft:barrel":3,"minecraft:fire":15,"minecraft:andesite":8,"minecraft:pumpkin":5,"minecraft:azure_bluet":1,"travelersbackpack:yellow_sleeping_bag":4,"minecraft:dirt_path":20,"minecraft:lantern":2,"sulfurpotassiummod:potassium_ore":2,"minecraft:stone":330,"minecraft:bone_block":8,"minecraft:spruce_slab":3,"minecraft:brown_mushroom":7,"minecraft:glass_pane":2,"sulfurpotassiummod:sulfur_ore":16,"minecraft:soul_sand":11,"minecraft:smoker":1,"minecraft:amethyst_cluster":1,"minecraft:dandelion":4,"minecraft:oak_fence":1,"minecraft:cornflower":1,"minecraft:crafting_table":7,"minecraft:spruce_button":1,"minecraft:short_grass":82,"minecraft:blast_furnace":2,"minecraft:poppy":2,"minecraft:chest":5,"minecraft:copper_ore":4,"minecraft:tall_grass":20,"minecraft:cobblestone":41,"minecraft:lapis_ore":1,"minecraft:oak_planks":2,"minecraft:sugar_cane":26,"minecraft:wall_torch":1,"minecraft:wheat":4,"minecraft:spruce_log":21,"minecraft:birch_leaves":1,"sulfurpotassiummod:sulfur_nether_ore":13,"minecraft:coal_ore":21,"minecraft:oak_log":179,"minecraft:gravel":46,"minecraft:sand":74,"minecraft:dirt":244,"minecraft:netherrack":6,"minecraft:oak_leaves":13,"minecraft:deepslate":21},"minecraft:picked_up":{"minecraft:crafting_table":7,"minecraft:wheat":4,"minecraft:firework_star":8,"minecraft:azure_bluet":2,"minecraft:purple_wool":2,"minecraft:yellow_wool":2,"sulfurpotassiummod:sulfur":29,"minecraft:brown_mushroom":7,"minecraft:pink_wool":2,"minecraft:brick":2,"minecraft:cornflower":2,"minecraft:oak_trapdoor":6,"minecraft:string":23,"minecraft:raw_copper":105,"minecraft:magenta_wool":2,"minecraft:gold_nugget":2,"minecraft:cobbled_deepslate":805,"minecraft:beef":13,"minecraft:cyan_wool":2,"minecraft:poppy":2,"minecraft:light_gray_wool":2,"minecraft:spruce_slab":3,"minecraft:minecart":5,"minecraft:sugar_cane":56,"minecraft:chest":5,"minecraft:egg":1,"minecraft:furnace":2,"minecraft:blue_wool":2,"minecraft:tipped_arrow":2,"minecraft:lime_wool":2,"minecraft:raw_iron":39,"minecraft:stick":42,"travelersbackpack:yellow_sleeping_bag":4,"sulfurpotassiummod:raw_potassium":2,"minecraft:copper_ingot":7,"minecraft:oak_fence":1,"minecraft:torch":3,"minecraft:diorite":2,"minecraft:carrot":48,"minecraft:redstone":22,"minecraft:arrow":26,"minecraft:rotten_flesh":29,"minecraft:light_blue_wool":2,"minecraft:green_wool":2,"minecraft:gold_ingot":1,"minecraft:glow_berries":2,"minecraft:mutton":132,"minecraft:bone_block":8,"minecraft:white_wool":23,"minecraft:cobblestone":1497,"minecraft:magma_block":6,"minecraft:andesite":184,"minecraft:leather":6,"minecraft:brown_wool":2,"minecraft:smoker":1,"minecraft:potato":7,"minecraft:flint":3,"minecraft:tuff":54,"minecraft:oak_log":179,"minecraft:gunpowder":18,"minecraft:lapis_lazuli":6,"minecraft:dirt":937,"minecraft:lantern":2,"minecraft:name_tag":1,"minecraft:cooked_mutton":1,"minecraft:bone":29,"minecraft:apple":309,"minecraft:bow":1,"minecraft:wheat_seeds":72,"minecraft:iron_ingot":11,"minecraft:glowstone_dust":26,"minecraft:moss_block":1,"minecraft:oak_planks":20,"minecraft:stone_hoe":1,"minecraft:soul_sand":11,"minecraft:pumpkin":5,"minecraft:sweet_berries":19,"minecraft:red_wool":2,"minecraft:dandelion":10,"minecraft:torchflower_seeds":1,"minecraft:gravel":42,"minecraft:sand":71,"minecraft:amethyst_shard":2,"minecraft:spruce_sapling":2,"minecraft:blast_furnace":2,"minecraft:white_bed":9,"minecraft:spruce_log":18,"minecraft:spider_eye":7,"minecraft:barrel":3,"minecraft:orange_wool":2,"minecraft:slime_ball":2,"minecraft:stone_axe":1,"minecraft:diamond":7,"minecraft:spruce_boat":2,"minecraft:cherry_wood":5,"minecraft:granite":205,"minecraft:gray_wool":2,"minecraft:spruce_button":3,"minecraft:emerald":1,"minecraft:baked_potato":1,"minecraft:oak_sapling":70,"minecraft:netherrack":6,"minecraft:black_wool":2,"minecraft:coal":405},"minecraft:broken":{"minecraft:iron_shovel":1,"minecraft:wooden_pickaxe":1,"minecraft:stone_pickaxe":2,"minecraft:stone_axe":3,"minecraft:wooden_axe":1,"minecraft:stone_shovel":5},"minecraft:custom":{"minecraft:interact_with_anvil":1,"minecraft:mob_kills":137,"minecraft:interact_with_crafting_table":146,"minecraft:leave_game":10,"minecraft:time_since_death":442023,"minecraft:climb_one_cm":1078,"minecraft:damage_blocked_by_shield":708,"minecraft:walk_one_cm":1306370,"minecraft:sprint_one_cm":1325574,"minecraft:drop":74,"minecraft:talked_to_villager":21,"minecraft:play_time":442023,"minecraft:sneak_time":15965,"minecraft:walk_under_water_one_cm":7795,"minecraft:boat_one_cm":272,"minecraft:jump":7256,"minecraft:interact_with_brewingstand":7,"minecraft:interact_with_blast_furnace":1,"minecraft:walk_on_water_one_cm":40152,"minecraft:total_world_time":442023,"minecraft:interact_with_furnace":72,"minecraft:traded_with_villager":36,"minecraft:sleep_in_bed":38,"minecraft:time_since_rest":2326,"minecraft:damage_absorbed":845,"minecraft:damage_taken":2205,"minecraft:damage_dealt":20359,"minecraft:swim_one_cm":94852,"minecraft:fly_one_cm":1541567,"minecraft:open_chest":191,"minecraft:crouch_one_cm":44002,"minecraft:interact_with_smoker":17,"minecraft:fall_one_cm":94301,"minecraft:inspect_dispenser":6},"minecraft:dropped":{"minecraft:cobblestone":23,"minecraft:granite":4,"minecraft:dirt":18,"minecraft:diorite":2,"minecraft:cobbled_deepslate":64,"minecraft:rotten_flesh":3,"minecraft:potato":64,"minecraft:tipped_arrow":1,"minecraft:arrow":8,"minecraft:stone_pickaxe":1},"minecraft:killed":{"minecraft:witch":2,"minecraft:spider":21,"minecraft:slime":2,"minecraft:zombie_horse":2,"minecraft:skeleton":15,"minecraft:skeleton_horse":1,"minecraft:wolf":1,"minecraft:zombie_villager":10,"minecraft:creeper":13,"minecraft:sheep":20,"minecraft:zombie":15,"minecraft:stray":4,"minecraft:wither_skeleton":1,"minecraft:villager":4,"minecraft:enderman":3,"minecraft:cow":6},"minecraft:used":{"minecraft:oak_trapdoor":11,"minecraft:iron_shovel":256,"minecraft:flint_and_steel":1,"minecraft:spruce_slab":8,"minecraft:stone_shovel":1011,"minecraft:dispenser":1,"minecraft:redstone":2,"minecraft:oak_sign":3,"minecraft:chest":10,"minecraft:shield":22,"minecraft:firework_star":1,"minecraft:stone_hoe":104,"minecraft:netherrack":5,"minecraft:torch":73,"minecraft:brewing_stand":1,"minecraft:dirt":726,"minecraft:anvil":1,"minecraft:hopper":1,"minecraft:carrot":40,"minecraft:tuff":52,"minecraft:lava_bucket":11,"minecraft:glass":2,"minecraft:wooden_axe":50,"minecraft:spruce_boat":3,"wheelbarrow:copper_wheelbarrow":1,"minecraft:iron_axe":91,"minecraft:spruce_button":8,"minecraft:barrel":6,"minecraft:oak_sapling":70,"minecraft:furnace":3,"minecraft:cooked_beef":5,"minecraft:cobbled_deepslate":93,"minecraft:wheat_seeds":14,"minecraft:cooked_mutton":64,"minecraft:water_bucket":16,"minecraft:glass_bottle":6,"minecraft:stone_pickaxe":438,"minecraft:powered_rail":2,"minecraft:sugar_cane":16,"minecraft:wooden_pickaxe":37,"minecraft:spruce_sign":6,"minecraft:fletching_table":1,"minecraft:rail":2,"minecraft:crafting_table":8,"minecraft:blast_furnace":2,"minecraft:white_bed":13,"justhammers:iron_hammer":35,"minecraft:smoker":2,"minecraft:redstone_torch":1,"minecraft:sticky_piston":2,"minecraft:lever":2,"minecraft:apple":16,"minecraft:iron_pickaxe":79,"minecraft:stone_button":1,"minecraft:oak_button":1,"minecraft:lectern":1,"minecraft:gravel":41,"justhammers:stone_hammer":907,"minecraft:spruce_sapling":1,"minecraft:stone_axe":449,"travelersbackpack:standard":5,"minecraft:cobblestone":397,"minecraft:bucket":33,"travelersbackpack:yellow_sleeping_bag":5},"minecraft:crafted":{"minecraft:cherry_planks":20,"minecraft:oak_planks":712,"minecraft:yellow_wool":4,"minecraft:stone_shovel":8,"minecraft:oak_sign":3,"minecraft:barrel":3,"wheelbarrow:copper_wheelbarrow":1,"minecraft:spruce_button":5,"minecraft:blaze_powder":2,"travelersbackpack:yellow_sleeping_bag":2,"minecraft:furnace":2,"minecraft:stone_button":1,"minecraft:piston":2,"minecraft:stone":71,"minecraft:lever":2,"minecraft:bookshelf":1,"minecraft:cooked_mutton":73,"minecraft:oak_trapdoor":6,"minecraft:flint_and_steel":1,"minecraft:hopper":1,"minecraft:glass":28,"minecraft:bow":1,"minecraft:iron_boots":1,"minecraft:iron_axe":1,"minecraft:spruce_slab":6,"handcrafted:white_sheet":8,"minecraft:stone_pickaxe":6,"minecraft:chest":7,"minecraft:oak_button":1,"minecraft:spruce_boat":1,"minecraft:rail":16,"minecraft:minecart":1,"minecraft:smoker":1,"minecraft:cooked_beef":13,"minecraft:sugar":1,"minecraft:glass_bottle":6,"minecraft:oak_slab":12,"minecraft:emerald":35,"minecraft:spruce_sign":6,"minecraft:crafting_table":1,"minecraft:spruce_planks":56,"travelersbackpack:backpack_tank":2,"minecraft:iron_helmet":1,"minecraft:wooden_pickaxe":1,"minecraft:powered_rail":6,"travelersbackpack:standard":1,"minecraft:copper_ingot":105,"minecraft:sticky_piston":2,"minecraft:fletching_table":1,"minecraft:bucket":2,"minecraft:brewing_stand":1,"minecraft:stone_axe":5,"minecraft:glowstone":6,"minecraft:enchanted_book":1,"minecraft:air":0,"minecraft:blaze_rod":3,"minecraft:blue_dye":1,"minecraft:dispenser":1,"justhammers:iron_hammer":1,"minecraft:lectern":1,"minecraft:string":128,"minecraft:book":4,"minecraft:iron_chestplate":1,"minecraft:paper":39,"justhammers:stone_hammer":14,"minecraft:yellow_dye":4,"minecraft:shield":1,"minecraft:stick":1235,"minecraft:fermented_spider_eye":1,"minecraft:iron_ingot":38,"minecraft:iron_pickaxe":1,"minecraft:wooden_axe":1,"minecraft:iron_block":3,"minecraft:iron_shovel":1,"minecraft:iron_leggings":1,"minecraft:anvil":1,"minecraft:white_bed":4,"minecraft:redstone_torch":1,"minecraft:torch":128}},"DataVersion":3953}