{"stats":{"minecraft:killed":{"minecraft:sheep":3},"minecraft:custom":{"minecraft:time_since_rest":3600,"minecraft:play_time":3600,"minecraft:sprint_one_cm":11737,"minecraft:walk_one_cm":5781,"minecraft:sneak_time":47,"minecraft:walk_under_water_one_cm":192,"minecraft:mob_kills":3,"minecraft:jump":72,"minecraft:damage_dealt":240,"minecraft:time_since_death":3600,"minecraft:walk_on_water_one_cm":1803,"minecraft:total_world_time":3600,"minecraft:swim_one_cm":3665,"minecraft:interact_with_crafting_table":2,"minecraft:fall_one_cm":687,"minecraft:fly_one_cm":14040},"minecraft:crafted":{"minecraft:oak_planks":12,"minecraft:crafting_table":1,"minecraft:stick":4,"minecraft:wooden_pickaxe":1,"minecraft:wooden_axe":1},"minecraft:used":{"minecraft:wooden_axe":4,"minecraft:apple":1,"minecraft:crafting_table":2,"minecraft:wooden_pickaxe":6},"minecraft:picked_up":{"minecraft:crafting_table":2,"minecraft:apple":7,"minecraft:oak_log":4,"minecraft:oak_sapling":1,"minecraft:mutton":5,"minecraft:white_wool":3,"minecraft:cobblestone":6},"minecraft:mined":{"minecraft:short_grass":4,"minecraft:oak_log":4,"minecraft:stone":6,"minecraft:crafting_table":2,"minecraft:oak_leaves":2}},"DataVersion":3953}