{"stats":{"minecraft:killed":{"minecraft:zombie_villager":1,"minecraft:spider":2,"minecraft:skeleton":1,"minecraft:sheep":20,"minecraft:zombie":2,"minecraft:stray":1},"minecraft:custom":{"minecraft:interact_with_furnace":5,"minecraft:mob_kills":27,"minecraft:interact_with_crafting_table":8,"minecraft:leave_game":1,"minecraft:time_since_death":54486,"minecraft:sleep_in_bed":5,"minecraft:climb_one_cm":1078,"minecraft:time_since_rest":7991,"minecraft:sprint_one_cm":233398,"minecraft:damage_taken":270,"minecraft:walk_one_cm":147532,"minecraft:damage_dealt":3012,"minecraft:swim_one_cm":48891,"minecraft:talked_to_villager":1,"minecraft:fly_one_cm":177093,"minecraft:open_chest":27,"minecraft:crouch_one_cm":1515,"minecraft:play_time":54486,"minecraft:sneak_time":1156,"minecraft:walk_under_water_one_cm":3950,"minecraft:jump":923,"minecraft:walk_on_water_one_cm":12145,"minecraft:interact_with_smoker":7,"minecraft:total_world_time":54486,"minecraft:fall_one_cm":16074},"minecraft:crafted":{"minecraft:oak_planks":100,"minecraft:crafting_table":1,"minecraft:wooden_pickaxe":1,"minecraft:furnace":1,"minecraft:stone_axe":1,"minecraft:cooked_mutton":53,"minecraft:air":0,"minecraft:string":128,"minecraft:stick":8,"minecraft:stone_pickaxe":2,"minecraft:wooden_axe":1,"minecraft:chest":2,"minecraft:white_bed":1,"minecraft:smoker":1},"minecraft:mined":{"minecraft:white_bed":4,"minecraft:brown_mushroom":7,"minecraft:glass_pane":1,"minecraft:crafting_table":6,"minecraft:short_grass":7,"minecraft:grass_block":1,"minecraft:chest":2,"minecraft:copper_ore":2,"minecraft:spruce_leaves":8,"minecraft:spawner":2,"minecraft:magma_block":6,"minecraft:furnace":1,"minecraft:iron_ore":1,"minecraft:fire":7,"minecraft:spruce_log":21,"minecraft:pumpkin":5,"minecraft:coal_ore":17,"minecraft:oak_log":25,"minecraft:lantern":2,"minecraft:stone":62,"minecraft:netherrack":6,"minecraft:oak_leaves":9},"minecraft:picked_up":{"minecraft:magma_block":6,"minecraft:crafting_table":6,"minecraft:purple_wool":2,"minecraft:yellow_wool":2,"minecraft:brown_wool":2,"minecraft:brown_mushroom":7,"minecraft:pink_wool":2,"minecraft:potato":1,"minecraft:flint":1,"minecraft:oak_log":25,"minecraft:string":2,"minecraft:dirt":1,"minecraft:lantern":2,"minecraft:raw_copper":30,"minecraft:name_tag":1,"minecraft:cooked_mutton":1,"minecraft:magenta_wool":2,"minecraft:apple":29,"minecraft:wheat_seeds":2,"minecraft:gold_nugget":1,"minecraft:iron_ingot":1,"minecraft:cyan_wool":2,"minecraft:light_gray_wool":2,"minecraft:moss_block":1,"minecraft:chest":2,"minecraft:furnace":1,"minecraft:blue_wool":2,"minecraft:lime_wool":2,"minecraft:stick":5,"minecraft:raw_iron":2,"minecraft:pumpkin":5,"minecraft:sweet_berries":3,"minecraft:red_wool":2,"minecraft:torchflower_seeds":1,"minecraft:spruce_sapling":2,"minecraft:carrot":4,"minecraft:white_bed":4,"minecraft:spruce_log":18,"minecraft:spider_eye":1,"minecraft:orange_wool":2,"minecraft:arrow":4,"minecraft:rotten_flesh":1,"minecraft:light_blue_wool":2,"minecraft:gray_wool":2,"minecraft:green_wool":2,"minecraft:gold_ingot":1,"minecraft:glow_berries":2,"minecraft:oak_sapling":10,"minecraft:netherrack":6,"minecraft:black_wool":2,"minecraft:mutton":131,"minecraft:coal":257,"minecraft:white_wool":22,"minecraft:cobblestone":60},"minecraft:used":{"minecraft:cooked_mutton":5,"minecraft:stone_pickaxe":67,"minecraft:chest":4,"minecraft:wooden_pickaxe":37,"minecraft:crafting_table":7,"minecraft:white_bed":5,"minecraft:smoker":1,"minecraft:wooden_axe":50,"minecraft:apple":16,"minecraft:spruce_sapling":1,"minecraft:stone_axe":66,"minecraft:cobblestone":8,"minecraft:furnace":1,"minecraft:oak_sapling":10},"minecraft:broken":{"minecraft:stone_pickaxe":1,"minecraft:wooden_axe":1,"minecraft:wooden_pickaxe":1}},"DataVersion":3953}