{"stats":{"minecraft:killed":{"minecraft:sheep":16},"minecraft:custom":{"minecraft:mob_kills":16,"minecraft:interact_with_crafting_table":6,"minecraft:time_since_death":39600,"minecraft:sleep_in_bed":4,"minecraft:climb_one_cm":761,"minecraft:time_since_rest":5857,"minecraft:sprint_one_cm":179244,"minecraft:damage_taken":70,"minecraft:walk_one_cm":110901,"minecraft:damage_dealt":1280,"minecraft:swim_one_cm":42676,"minecraft:talked_to_villager":1,"minecraft:fly_one_cm":111958,"minecraft:open_chest":14,"minecraft:crouch_one_cm":1471,"minecraft:play_time":39600,"minecraft:sneak_time":1120,"minecraft:walk_under_water_one_cm":3599,"minecraft:jump":652,"minecraft:walk_on_water_one_cm":10500,"minecraft:total_world_time":39600,"minecraft:fall_one_cm":8997},"minecraft:crafted":{"minecraft:oak_planks":100,"minecraft:crafting_table":1,"minecraft:wooden_pickaxe":1,"minecraft:stone_axe":1,"minecraft:string":128,"minecraft:stick":8,"minecraft:stone_pickaxe":2,"minecraft:wooden_axe":1,"minecraft:chest":2,"minecraft:white_bed":1},"minecraft:used":{"minecraft:stone_pickaxe":57,"minecraft:chest":2,"minecraft:wooden_pickaxe":37,"minecraft:crafting_table":6,"minecraft:white_bed":4,"minecraft:wooden_axe":50,"minecraft:apple":15,"minecraft:spruce_sapling":1,"minecraft:stone_axe":37,"minecraft:cobblestone":8,"minecraft:oak_sapling":10},"minecraft:mined":{"minecraft:white_bed":4,"minecraft:brown_mushroom":7,"minecraft:glass_pane":1,"minecraft:crafting_table":6,"minecraft:short_grass":6,"minecraft:grass_block":1,"minecraft:chest":2,"minecraft:copper_ore":2,"minecraft:spruce_leaves":8,"minecraft:spawner":1,"minecraft:magma_block":3,"minecraft:iron_ore":1,"minecraft:fire":3,"minecraft:spruce_log":21,"minecraft:pumpkin":5,"minecraft:coal_ore":17,"minecraft:oak_log":25,"minecraft:lantern":2,"minecraft:stone":62,"minecraft:netherrack":1,"minecraft:oak_leaves":9},"minecraft:picked_up":{"minecraft:magma_block":3,"minecraft:crafting_table":6,"minecraft:purple_wool":2,"minecraft:yellow_wool":2,"minecraft:brown_wool":2,"minecraft:brown_mushroom":7,"minecraft:pink_wool":2,"minecraft:oak_log":25,"minecraft:dirt":1,"minecraft:lantern":2,"minecraft:raw_copper":30,"minecraft:magenta_wool":2,"minecraft:apple":29,"minecraft:wheat_seeds":1,"minecraft:gold_nugget":1,"minecraft:cyan_wool":2,"minecraft:light_gray_wool":2,"minecraft:chest":2,"minecraft:blue_wool":2,"minecraft:lime_wool":2,"minecraft:stick":5,"minecraft:raw_iron":2,"minecraft:pumpkin":5,"minecraft:red_wool":2,"minecraft:spruce_sapling":2,"minecraft:white_bed":4,"minecraft:spruce_log":18,"minecraft:orange_wool":2,"minecraft:light_blue_wool":2,"minecraft:gray_wool":2,"minecraft:green_wool":2,"minecraft:gold_ingot":1,"minecraft:oak_sapling":10,"minecraft:netherrack":1,"minecraft:black_wool":2,"minecraft:mutton":69,"minecraft:coal":194,"minecraft:white_wool":18,"minecraft:cobblestone":60},"minecraft:broken":{"minecraft:stone_pickaxe":1,"minecraft:wooden_axe":1,"minecraft:wooden_pickaxe":1}},"DataVersion":3953}