{"stats":{"minecraft:mined":{"minecraft:white_bed":6,"minecraft:grass_block":23,"minecraft:cherry_wood":7,"minecraft:spruce_leaves":8,"minecraft:spawner":2,"minecraft:magma_block":6,"minecraft:furnace":2,"minecraft:iron_ore":1,"minecraft:fire":12,"minecraft:pumpkin":5,"travelersbackpack:yellow_sleeping_bag":3,"minecraft:lantern":2,"minecraft:stone":63,"minecraft:brown_mushroom":7,"minecraft:glass_pane":1,"minecraft:smoker":1,"minecraft:amethyst_cluster":1,"minecraft:dandelion":2,"minecraft:crafting_table":7,"minecraft:cornflower":1,"minecraft:short_grass":21,"minecraft:poppy":2,"minecraft:chest":5,"minecraft:copper_ore":2,"minecraft:tall_grass":4,"minecraft:spruce_log":21,"minecraft:birch_leaves":1,"minecraft:oak_log":25,"minecraft:coal_ore":17,"minecraft:sand":27,"minecraft:dirt":4,"minecraft:netherrack":6,"minecraft:oak_leaves":9},"minecraft:picked_up":{"minecraft:crafting_table":7,"minecraft:purple_wool":2,"minecraft:yellow_wool":2,"minecraft:brown_mushroom":7,"minecraft:pink_wool":2,"minecraft:brick":2,"minecraft:cornflower":1,"minecraft:string":7,"minecraft:raw_copper":30,"minecraft:magenta_wool":2,"minecraft:gold_nugget":1,"minecraft:beef":11,"minecraft:cyan_wool":2,"minecraft:poppy":2,"minecraft:light_gray_wool":2,"minecraft:chest":5,"minecraft:egg":1,"minecraft:furnace":2,"minecraft:blue_wool":2,"minecraft:tipped_arrow":1,"minecraft:lime_wool":2,"minecraft:stick":6,"minecraft:raw_iron":2,"travelersbackpack:yellow_sleeping_bag":3,"minecraft:carrot":6,"minecraft:redstone":12,"minecraft:arrow":7,"minecraft:rotten_flesh":6,"minecraft:light_blue_wool":2,"minecraft:green_wool":2,"minecraft:gold_ingot":1,"minecraft:glow_berries":2,"minecraft:mutton":132,"minecraft:cobblestone":103,"minecraft:white_wool":23,"minecraft:magma_block":6,"minecraft:brown_wool":2,"minecraft:leather":5,"minecraft:smoker":1,"minecraft:potato":1,"minecraft:flint":1,"minecraft:oak_log":25,"minecraft:gunpowder":4,"minecraft:dirt":22,"minecraft:lantern":2,"minecraft:name_tag":1,"minecraft:cooked_mutton":1,"minecraft:bone":1,"minecraft:apple":31,"minecraft:bow":1,"minecraft:wheat_seeds":11,"minecraft:iron_ingot":3,"minecraft:moss_block":1,"minecraft:pumpkin":5,"minecraft:sweet_berries":19,"minecraft:red_wool":2,"minecraft:dandelion":2,"minecraft:torchflower_seeds":1,"minecraft:amethyst_shard":2,"minecraft:sand":27,"minecraft:spruce_sapling":2,"minecraft:white_bed":6,"minecraft:spruce_log":18,"minecraft:spider_eye":3,"minecraft:orange_wool":2,"minecraft:diamond":1,"minecraft:cherry_wood":5,"minecraft:gray_wool":2,"minecraft:oak_sapling":11,"minecraft:black_wool":2,"minecraft:netherrack":6,"minecraft:coal":312},"minecraft:broken":{"minecraft:wooden_pickaxe":1,"minecraft:stone_pickaxe":2,"minecraft:stone_axe":1,"minecraft:wooden_axe":1},"minecraft:custom":{"minecraft:mob_kills":58,"minecraft:interact_with_crafting_table":45,"minecraft:leave_game":2,"minecraft:time_since_death":127203,"minecraft:climb_one_cm":1078,"minecraft:sprint_one_cm":476709,"minecraft:walk_one_cm":308402,"minecraft:damage_blocked_by_shield":345,"minecraft:talked_to_villager":1,"minecraft:play_time":127203,"minecraft:sneak_time":2358,"minecraft:walk_under_water_one_cm":6554,"minecraft:jump":2325,"minecraft:walk_on_water_one_cm":17606,"minecraft:total_world_time":127203,"minecraft:interact_with_furnace":37,"minecraft:sleep_in_bed":12,"minecraft:time_since_rest":2003,"minecraft:damage_taken":1040,"minecraft:damage_absorbed":278,"minecraft:damage_dealt":8225,"minecraft:swim_one_cm":78504,"minecraft:fly_one_cm":475990,"minecraft:open_chest":67,"minecraft:crouch_one_cm":3787,"minecraft:interact_with_smoker":11,"minecraft:fall_one_cm":50812},"minecraft:used":{"minecraft:chest":7,"minecraft:shield":13,"minecraft:netherrack":5,"minecraft:dirt":3,"minecraft:wooden_axe":50,"minecraft:oak_sapling":10,"minecraft:furnace":3,"minecraft:cooked_mutton":23,"minecraft:stone_pickaxe":79,"minecraft:wooden_pickaxe":37,"minecraft:crafting_table":8,"minecraft:white_bed":7,"minecraft:smoker":1,"minecraft:apple":16,"minecraft:spruce_sapling":1,"justhammers:stone_hammer":148,"minecraft:stone_axe":168,"minecraft:cobblestone":21,"travelersbackpack:standard":5,"travelersbackpack:yellow_sleeping_bag":3},"minecraft:killed":{"minecraft:witch":2,"minecraft:spider":6,"minecraft:skeleton":5,"minecraft:zombie_villager":2,"minecraft:creeper":2,"minecraft:sheep":20,"minecraft:zombie":4,"minecraft:stray":2,"minecraft:wither_skeleton":1,"minecraft:enderman":3,"minecraft:cow":5},"minecraft:crafted":{"minecraft:oak_planks":100,"minecraft:yellow_wool":2,"travelersbackpack:yellow_sleeping_bag":1,"minecraft:furnace":2,"minecraft:stone":10,"minecraft:cooked_mutton":68,"minecraft:glass":14,"minecraft:bow":1,"minecraft:stone_pickaxe":2,"minecraft:chest":3,"minecraft:smoker":1,"minecraft:crafting_table":1,"travelersbackpack:backpack_tank":2,"minecraft:powered_rail":6,"minecraft:wooden_pickaxe":1,"travelersbackpack:standard":1,"minecraft:copper_ingot":30,"minecraft:stone_axe":3,"minecraft:air":0,"minecraft:blue_dye":1,"minecraft:dispenser":1,"minecraft:string":128,"minecraft:yellow_dye":2,"minecraft:shield":1,"justhammers:stone_hammer":3,"minecraft:stick":28,"minecraft:iron_ingot":2,"minecraft:wooden_axe":1,"minecraft:white_bed":1}},"DataVersion":3953}