{"stats":{"minecraft:custom":{"minecraft:jump":35,"minecraft:time_since_rest":1627,"minecraft:crouch_one_cm":311,"minecraft:leave_game":1,"minecraft:sprint_one_cm":5902,"minecraft:play_time":1627,"minecraft:walk_on_water_one_cm":1987,"minecraft:time_since_death":1627,"minecraft:walk_one_cm":983,"minecraft:sneak_time":165,"minecraft:total_world_time":1627,"minecraft:walk_under_water_one_cm":1348,"minecraft:swim_one_cm":5172,"minecraft:fall_one_cm":418,"minecraft:fly_one_cm":9066}},"DataVersion":3953}