{"stats":{"minecraft:mined":{"minecraft:short_grass":1,"minecraft:oak_log":5,"minecraft:crafting_table":1,"minecraft:spawner":1},"minecraft:crafted":{"minecraft:oak_planks":20,"minecraft:crafting_table":1,"minecraft:stick":4,"minecraft:wooden_pickaxe":1,"minecraft:wooden_axe":1},"minecraft:picked_up":{"minecraft:crafting_table":1,"minecraft:apple":8,"minecraft:oak_log":5,"minecraft:oak_sapling":3},"minecraft:custom":{"minecraft:time_since_rest":3961,"minecraft:play_time":3961,"minecraft:sprint_one_cm":22827,"minecraft:walk_one_cm":4935,"minecraft:sneak_time":8,"minecraft:walk_under_water_one_cm":178,"minecraft:jump":92,"minecraft:leave_game":1,"minecraft:time_since_death":3961,"minecraft:walk_on_water_one_cm":1191,"minecraft:total_world_time":3961,"minecraft:swim_one_cm":3201,"minecraft:interact_with_crafting_table":2,"minecraft:fall_one_cm":2299,"minecraft:fly_one_cm":26200},"minecraft:used":{"minecraft:wooden_axe":1,"minecraft:apple":1,"minecraft:crafting_table":1,"minecraft:wooden_pickaxe":1}},"DataVersion":3953}